-- Ciudadano

INSERT INTO Ciudadano (id, primer_nombre, segundo_nombre, primer_apellido, segundo_apellido, fecha_nacimiento, esta_vivo) VALUES
(1827163, 'Miguel', 'Salvador', 'Silla', NULL, '1955-05-08', TRUE),
(4507696, 'Mónica', 'Claudia', 'Bonaventura', 'Milei', '2006-12-20', FALSE),
(1222283, 'Claudia', 'Aixa', 'Torres', 'Cripto', '2005-07-15', FALSE),
(7986813, 'Mathias', NULL, 'Pérez', 'López', '1938-11-20', FALSE),
(1845256, 'Mario', NULL, 'Rodríguez', 'De Luque', '1936-12-09', TRUE),
(2781068, 'Jessica', NULL, 'Torres', NULL, '1997-06-27', FALSE),
(7539090, 'Thiago', NULL, 'Torres', NULL, '2011-06-20', TRUE),
(7060160, 'Vicente', 'Ricardo', 'Saldaño', NULL, '1953-11-17', TRUE),
(7926458, 'Melina', NULL, 'Kirchner', NULL, '1951-05-24', FALSE),
(2316040, 'Victoria', 'Abril', 'Correa', NULL, '1955-10-23', FALSE),
(7572602, 'Pablo', 'Matías', 'Martínez', 'Gómez', '1928-08-27', TRUE),
(6537736, 'Marisol', 'Tamara', 'Saldaño', 'Milei', '2007-08-14', FALSE),
(1541440, 'Lorena', NULL, 'Machado', 'Ramírez', '1972-10-19', TRUE),
(7008087, 'Brashan', NULL, 'Gómez', 'De Luque', '1927-08-02', TRUE),
(1483639, 'Carlos', NULL, 'Milei', NULL, '1992-02-26', FALSE),
(7023454, 'Sofía', 'Agueda', 'Rodríguez', NULL, '1967-03-27', FALSE),
(6104036, 'Kevin', 'Patricio', 'Acero', 'Torvalds', '1963-09-25', FALSE),
(7893792, 'Teo', NULL, 'Saldaño', 'Kirchner', '1932-12-01', TRUE),
(5930847, 'Paula', 'Daniela', 'Machado', 'Silla', '1935-10-09', FALSE),
(2041575, 'Alejandro', 'Yago', 'Milei', 'Kirchner', '1947-03-06', FALSE),
(2381814, 'Melina', NULL, 'Martínez', 'Mesa', '1990-09-17', FALSE),
(4365631, 'Lisandro', 'Vicente', 'Mesa', 'Correa', '2014-11-13', TRUE),
(4630459, 'Elías', 'Miguel', 'Acero', NULL, '1935-08-29', FALSE),
(3790663, 'Gustavo', NULL, 'Bonaventura', 'Acevedo', '1933-07-30', FALSE),
(7919812, 'Estefanía', 'Brisa', 'De León', 'Ramírez', '1963-06-03', TRUE),
(1226326, 'Juliana', NULL, 'Saldaño', 'Gómez', '2002-05-19', TRUE),
(2076747, 'Romina', 'Julieta', 'Kirchner', 'Acero', '1926-07-03', FALSE),
(1238537, 'Omar', 'Valentín', 'González', 'Rodríguez', '1970-01-14', FALSE),
(4340908, 'Aitana', 'Renata', 'Saldaño', NULL, '1941-09-21', TRUE),
(1963728, 'Daniela', NULL, 'De León', 'Machado', '1988-11-04', FALSE),
(2858604, 'Alfonso', 'Ramiro', 'Sánchez', NULL, '2009-03-03', FALSE),
(7111951, 'Olga', NULL, 'Kojima', 'Cripto', '2002-05-12', FALSE),
(6307173, 'Camila', 'Silvia', 'Mesa', 'Castillo', '1976-09-06', TRUE),
(1955452, 'Mariela', 'Florencia', 'Milei', 'Correa', '1980-04-01', TRUE),
(1202898, 'Patricio', 'Marcos', 'Cripto', 'Machado', '1985-06-24', TRUE),
(7212662, 'Federico', NULL, 'Flores', 'Sánchez', '1988-04-26', TRUE),
(4680302, 'Damián', NULL, 'Acero', NULL, '1952-01-11', TRUE),
(7354059, 'Rodrigo', NULL, 'De León', 'Torvalds', '1976-06-03', TRUE),
(3425965, 'Mónica', 'Cecilia', 'Sativa', 'Castillo', '2001-09-08', FALSE),
(6489170, 'Leandro', NULL, 'Torres', NULL, '1940-11-29', TRUE),
(7038258, 'Paula', NULL, 'Acevedo', 'Saldaño', '1943-06-20', FALSE),
(7071999, 'Malena', NULL, 'Acevedo', 'Flores', '1929-10-11', FALSE),
(3536723, 'Carla', NULL, 'Machado', 'López', '1981-08-07', TRUE),
(1074862, 'Malena', NULL, 'Mesa', 'Kojima', '1990-03-16', FALSE),
(1177978, 'Lorena', NULL, 'Sánchez', 'Flores', '2008-09-07', TRUE),
(4434426, 'Paula', 'Juliana', 'Sánchez', 'Silla', '2024-05-31', TRUE),
(2599961, 'Eduardo', NULL, 'Cripto', 'Gómez', '2010-07-25', TRUE),
(6206561, 'Sofía', NULL, 'Mesa', NULL, '1976-09-29', TRUE),
(6980206, 'Olga', NULL, 'Sánchez', 'González', '2000-04-30', TRUE),
(4959672, 'Emilia', 'Aitana', 'Pomar', NULL, '1956-09-03', TRUE),
(5115904, 'Melina', 'Selena', 'Silla', 'Silla', '1961-10-28', FALSE),
(3486895, 'Tamara', 'Marina', 'Acevedo', 'Acero', '2013-09-25', TRUE),
(3713942, 'Leonardo', 'Oscar', 'Torres', 'Bonaventura', '1929-11-18', TRUE),
(5583738, 'Lisandro', NULL, 'Torvalds', 'Torvalds', '2009-09-08', FALSE),
(1236181, 'Baltasar', 'Guillermo', 'Acevedo', 'Acero', '1985-11-10', FALSE),
(7835718, 'Alejandro', NULL, 'Kirchner', 'Torvalds', '1943-08-13', TRUE),
(4863758, 'Joshua', 'Julio', 'Pérez', NULL, '1935-02-27', FALSE),
(5933222, 'Adrián', NULL, 'Milei', NULL, '1976-03-12', TRUE),
(4946845, 'Salvador', 'Eduardo', 'González', 'López', '1937-01-31', FALSE),
(5458009, 'Leandro', NULL, 'Camión', 'Saldaño', '1931-09-06', TRUE),
(3634700, 'Pilar', 'Natalia', 'Sativa', 'Acero', '1949-11-12', TRUE),
(4931651, 'Tobías', 'Francisco', 'Gómez', 'De la Pradera Cálida', '1939-11-25', FALSE),
(6948612, 'Ariadna', 'Agueda', 'López', 'Pérez', '1952-10-16', FALSE),
(1302482, 'Fernando', 'Germán', 'Castillo', 'Camión', '1956-06-27', FALSE),
(3979569, 'Mariela', 'Fátima', 'Flores', NULL, '1928-11-08', FALSE),
(1539574, 'Maximiliano', 'Raúl', 'Torres', 'Correa', '1980-01-04', TRUE),
(7806126, 'Graciela', NULL, 'Bonaventura', 'Torres', '1944-04-27', TRUE),
(6198941, 'Magalí', 'Melina', 'Pomar', NULL, '1984-07-31', TRUE),
(1614593, 'Inés', NULL, 'Cripto', 'Kojima', '1990-02-18', FALSE),
(6531855, 'Adolfo', 'Marcos', 'De León', 'Gómez', '1959-06-24', FALSE),
(3813097, 'Joni', NULL, 'Silla', 'Kojima', '1978-07-31', FALSE),
(4109825, 'Esteban', NULL, 'Machado', NULL, '2000-09-20', TRUE),
(4633501, 'Fátima', NULL, 'Castillo', 'González', '1961-01-17', TRUE),
(1336534, 'Ivana', NULL, 'Bonaventura', 'Machado', '2000-11-14', FALSE),
(2438345, 'Ailén', 'Victoria', 'Torvalds', 'Pomar', '1937-08-23', TRUE),
(6925102, 'Salvador', 'Emiliano', 'Martínez', 'Rodríguez', '1961-05-15', TRUE),
(7687725, 'Alfonso', 'Camilo', 'Camión', 'Machado', '2005-03-02', TRUE),
(6895288, 'Jessica', 'Verónica', 'Martínez', 'Torres', '1972-07-09', FALSE),
(7662208, 'Federico', 'Benjamín', 'Pérez', 'López', '1967-06-12', FALSE),
(2366260, 'Matías', NULL, 'Silla', 'Sativa', '1972-01-18', FALSE),
(3826109, 'Sofía', 'Beatriz', 'Ramírez', 'Sánchez', '1929-03-31', FALSE),
(6254129, 'Florencia', 'Ivana', 'Machado', NULL, '1989-09-30', TRUE),
(7415163, 'Leticia', 'Lara', 'Acero', 'López', '2022-03-05', TRUE),
(6238479, 'Andrea', NULL, 'Machado', 'Castillo', '1954-09-11', TRUE),
(5557884, 'Leandro', 'Pablo', 'Camión', 'Acero', '1932-07-03', FALSE),
(6422862, 'Lidia', NULL, 'Torres', 'Torvalds', '1991-03-08', FALSE),
(2536048, 'Marta', 'Fernanda', 'Acevedo', 'Sativa', '2009-12-14', FALSE),
(1583704, 'Baltasar', 'Rodrigo', 'Flores', 'Kojima', '1939-06-04', FALSE),
(6761856, 'Juliana', NULL, 'Acevedo', 'De Luque', '1960-08-25', FALSE),
(7630750, 'Santiago', 'Andrés', 'Acevedo', 'Torres', '1945-09-11', FALSE),
(3492062, 'Fabián', 'Pablo', 'Pérez', NULL, '2008-10-04', FALSE),
(5074644, 'Melina', 'Renata', 'Kojima', 'Kirchner', '2011-03-22', TRUE),
(3685355, 'Julio', NULL, 'De la Pradera Cálida', NULL, '1984-09-27', TRUE),
(1782721, 'Martín', NULL, 'Castillo', 'Sativa', '1977-09-30', TRUE),
(4283486, 'Leandro', 'Zacarías', 'Rodríguez', 'Milei', '1998-01-12', FALSE),
(3787288, 'Mauro', 'Fabián', 'Kojima', NULL, '2013-06-05', FALSE),
(4402251, 'Renata', 'Guadalupe', 'Kojima', 'Kojima', '1993-01-02', FALSE),
(7557630, 'Andrés', NULL, 'Pérez', 'Camión', '1935-12-23', FALSE),
(4077153, 'Rosa', NULL, 'Pomar', 'De la Pradera Cálida', '2020-04-29', FALSE),
(2623443, 'Joni', NULL, 'Acevedo', 'Pérez', '1994-09-15', TRUE),
(4816031, 'Diego', 'Esteban', 'Martínez', 'Flores', '1929-09-10', TRUE),
(5608845, 'Pilar', 'Rosa', 'De León', 'Machado', '1978-09-24', FALSE),
(6468765, 'Camilo', 'Franco', 'Torvalds', NULL, '2017-01-28', FALSE),
(3732335, 'Gabriela', 'Agustina', 'Torvalds', 'Martínez', '1983-10-13', FALSE),
(2480980, 'Pedro', 'Valentín', 'Saldaño', 'Acero', '2010-12-17', FALSE),
(1141667, 'Sol', NULL, 'Kojima', NULL, '2002-09-11', TRUE),
(1724382, 'Antonella', 'Juliana', 'Camión', NULL, '1969-05-25', TRUE),
(1897361, 'Mauro', NULL, 'Torres', NULL, '1981-12-10', TRUE),
(1102557, 'Susana', 'Genyfer', 'Sativa', NULL, '1933-04-19', TRUE),
(3468626, 'Simón', 'Enzo', 'De la Pradera Cálida', NULL, '1955-09-25', FALSE),
(1379304, 'Bárbara', NULL, 'Sativa', 'Pérez', '2004-03-28', TRUE),
(3508040, 'Nuria', 'Agustina', 'Machado', NULL, '1981-04-29', TRUE),
(5575555, 'Genyfer', 'Cecilia', 'Martínez', 'Kirchner', '1963-09-24', TRUE),
(3974807, 'Silvana', 'Milagros', 'De Luque', NULL, '1996-06-10', FALSE),
(5221526, 'Lucas', NULL, 'De la Pradera Cálida', NULL, '2009-08-03', TRUE),
(7292551, 'Salvador', NULL, 'González', 'Sánchez', '1997-12-30', FALSE),
(6158390, 'Alfonso', NULL, 'González', 'De la Pradera Cálida', '1990-02-01', TRUE),
(2374330, 'Yamila', 'Jolanda', 'Ramírez', 'Torres', '1937-08-01', TRUE),
(3597820, 'Antonella', NULL, 'Pomar', NULL, '1936-02-19', FALSE),
(5322464, 'Orlando', NULL, 'Cripto', NULL, '1949-03-03', FALSE),
(2078387, 'Mónica', NULL, 'Machado', 'Rodríguez', '1941-02-15', TRUE),
(7799135, 'Santiago', 'Orlando', 'Torres', 'Cripto', '1957-12-07', FALSE),
(7267483, 'Julio', 'Zacarías', 'Torres', 'Gómez', '1976-12-14', TRUE),
(2633634, 'Ignacio', NULL, 'González', NULL, '2016-06-01', TRUE),
(7497130, 'María', 'Noelia', 'Sativa', NULL, '1993-06-15', TRUE),
(4136279, 'Sara', NULL, 'De Luque', 'De León', '1951-09-26', TRUE),
(6188997, 'Andrea', NULL, 'De León', 'De Luque', '1968-09-02', FALSE),
(6847845, 'Agueda', 'Marisol', 'Rodríguez', 'Cripto', '1973-10-24', TRUE),
(7859335, 'Jimena', NULL, 'Flores', 'De Luque', '2024-01-03', FALSE),
(7248920, 'Jimena', 'Magalí', 'Bonaventura', 'Kojima', '1931-01-14', FALSE),
(5931332, 'Evelyn', 'Natalia', 'Rodríguez', 'Cripto', '1973-11-29', TRUE),
(7198964, 'Teresa', NULL, 'Mesa', 'De Luque', '1999-02-27', TRUE),
(7706102, 'Samuel', NULL, 'Pérez', 'Pérez', '1993-02-03', FALSE),
(3237782, 'Luciano', 'Enzo', 'Torres', 'Sánchez', '1988-12-25', FALSE),
(1757650, 'Tomás', 'Valentín', 'Kirchner', 'González', '1997-06-16', TRUE),
(6376202, 'Daniel', 'Rubén', 'Kirchner', 'Camión', '2009-01-29', FALSE),
(4414899, 'Miguel', 'Ulises', 'Kojima', NULL, '1941-10-01', FALSE),
(3276293, 'Aurelia', 'Florencia', 'Machado', 'Sativa', '1950-07-29', TRUE),
(5387557, 'Wilfredo', NULL, 'Kirchner', 'Torres', '1942-08-22', TRUE),
(7974795, 'Mariela', 'Andrea', 'De la Pradera Cálida', 'Silla', '1968-11-01', TRUE),
(3850092, 'Mercedes', NULL, 'Acero', 'Rodríguez', '1965-07-20', TRUE),
(6819236, 'Natalia', NULL, 'Sánchez', 'Correa', '1978-09-14', TRUE),
(7405372, 'Irene', NULL, 'Bonaventura', NULL, '1961-07-01', FALSE),
(2502463, 'Mariano', 'Carlos', 'Saldaño', 'Sativa', '1970-02-12', TRUE),
(7121897, 'Gustavo', NULL, 'Cripto', 'De la Pradera Cálida', '1928-03-15', FALSE),
(6903877, 'Lucas', 'Hugo', 'Martínez', 'Milei', '1944-01-24', TRUE),
(3550504, 'Matías', NULL, 'Acero', 'González', '1937-01-14', TRUE),
(1719571, 'Nuria', 'Marisol', 'De la Pradera Cálida', NULL, '1952-02-27', FALSE),
(3020295, 'Ivana', NULL, 'Flores', 'Saldaño', '1969-10-05', TRUE),
(2284967, 'Florencia', NULL, 'De la Pradera Cálida', NULL, '1930-01-26', TRUE),
(1577942, 'Norma', 'Evelyn', 'De Luque', 'Sativa', '1941-07-06', TRUE),
(1580943, 'Ariadna', NULL, 'López', 'López', '2002-01-02', TRUE),
(6227422, 'Leandro', 'Leonardo', 'Sánchez', 'Camión', '1957-09-23', TRUE),
(4157863, 'Graciela', 'Martina', 'Milei', 'Martínez', '2010-04-23', FALSE),
(4926756, 'Wilfredo', 'Nicolás', 'Silla', NULL, '1961-09-13', TRUE),
(7180730, 'Julieta', 'Leticia', 'Sativa', NULL, '1984-05-09', TRUE),
(3433303, 'Aixa', 'Aldana', 'De Luque', 'Camión', '1951-01-13', FALSE),
(6031480, 'Ricardo', NULL, 'Correa', 'Pomar', '1984-10-08', FALSE),
(6498017, 'Franco', NULL, 'Bonaventura', 'Machado', '1936-05-12', FALSE),
(5865227, 'Nahuel', 'Lautaro', 'Kojima', NULL, '1961-12-29', TRUE),
(1400774, 'Mathias', 'Vicente', 'Kirchner', 'Camión', '1989-09-18', FALSE),
(3350454, 'Marcos', 'Gastón', 'Sativa', NULL, '1961-05-16', FALSE),
(4410274, 'Mauro', NULL, 'Kirchner', 'Torvalds', '1982-01-27', FALSE),
(6791814, 'Aixa', NULL, 'De Luque', NULL, '1985-11-09', FALSE),
(6824771, 'Elías', 'Martín', 'Bonaventura', 'González', '2022-07-29', TRUE),
(6803023, 'Ariadna', 'Magalí', 'Pérez', NULL, '2013-06-03', FALSE),
(2875380, 'Florencia', 'Valentina', 'Flores', 'Gómez', '2003-11-01', FALSE),
(4902680, 'Jorge', 'Joni', 'Torvalds', 'Mesa', '1977-07-08', FALSE),
(5854717, 'Adolfo', NULL, 'Flores', NULL, '1928-02-06', FALSE),
(2709286, 'Pedro', 'Joshua', 'Pérez', NULL, '2000-12-02', TRUE),
(6803216, 'Joshua', 'Nahuel', 'Acero', NULL, '2019-10-04', TRUE),
(1110745, 'Salvador', 'Armando', 'Kojima', 'Flores', '2009-09-17', FALSE),
(5276206, 'Esteban', NULL, 'Milei', 'Correa', '2004-06-09', FALSE),
(5069287, 'Raúl', 'Ricardo', 'Torres', 'Acevedo', '1933-11-19', TRUE),
(3764715, 'Omar', NULL, 'De León', NULL, '2021-10-22', FALSE),
(7089315, 'Gabriela', NULL, 'Sativa', 'Torres', '2021-03-26', FALSE),
(5488749, 'Jolanda', 'Pilar', 'Mesa', 'Torres', '1941-11-26', FALSE),
(3743199, 'Leonardo', NULL, 'Sánchez', 'Silla', '1957-07-20', TRUE),
(2596390, 'Raúl', 'Mauro', 'Silla', 'De la Pradera Cálida', '1967-04-11', TRUE),
(4080705, 'Mariela', 'Teresa', 'Correa', 'Kirchner', '1995-08-28', FALSE),
(6633117, 'Carla', 'Lara', 'Cripto', 'Gómez', '1963-10-13', FALSE),
(7250054, 'Baltasar', 'Kevin', 'Correa', 'Castillo', '1951-05-22', TRUE),
(4182345, 'Alberto', NULL, 'Ramírez', 'López', '1938-03-08', TRUE),
(4628129, 'Iván', 'Carlos', 'Sánchez', NULL, '1972-01-27', FALSE),
(4782808, 'Cristian', 'Iván', 'Rodríguez', NULL, '1978-11-21', FALSE),
(7497761, 'Simón', NULL, 'Silla', NULL, '2001-11-11', FALSE),
(5416132, 'Daniel', 'Adolfo', 'Machado', 'Rodríguez', '1978-09-26', TRUE),
(6532792, 'Natalia', NULL, 'De la Pradera Cálida', NULL, '2014-10-23', FALSE),
(2308040, 'Jorge', NULL, 'Silla', NULL, '1958-12-03', TRUE),
(4478956, 'Brashan', NULL, 'Acevedo', 'Martínez', '2000-09-11', TRUE),
(1611347, 'Tamara', NULL, 'Pérez', NULL, '2001-02-11', TRUE),
(6496165, 'Guadalupe', 'Fátima', 'Milei', 'Correa', '2021-12-24', TRUE),
(4540221, 'Francisco', NULL, 'De Luque', 'Acevedo', '2011-04-10', FALSE),
(4559692, 'Patricio', 'Luis', 'Kojima', 'Sativa', '1979-04-12', TRUE),
(4383763, 'Simón', NULL, 'Acevedo', 'Saldaño', '1997-03-25', FALSE),
(4886674, 'Julieta', NULL, 'Martínez', 'Flores', '1995-09-19', TRUE),
(4361733, 'Lorena', 'Elena', 'Acevedo', 'Torres', '1994-08-10', TRUE),
(5473931, 'Aixa', 'Delfina', 'Acero', 'De la Pradera Cálida', '1995-03-06', FALSE),
(7678662, 'Joni', 'Eduardo', 'Milei', 'Saldaño', '1991-01-18', FALSE),
(6732671, 'Marcos', 'Martín', 'Torres', 'Pérez', '1998-02-13', FALSE),
(1352989, 'Mario', 'Franco', 'Bonaventura', NULL, '1970-01-04', FALSE),
(6561231, 'Gabriel', NULL, 'Rodríguez', 'De la Pradera Cálida', '1975-02-15', FALSE),
(6799510, 'Tomás', 'Ricardo', 'Pomar', 'Castillo', '1966-10-16', FALSE),
(1249725, 'Fernando', 'Walter', 'Torres', 'De la Pradera Cálida', '2016-11-28', TRUE),
(3769924, 'Leticia', 'Melina', 'De la Pradera Cálida', NULL, '1989-06-01', TRUE),
(4200059, 'Fabián', 'Samuel', 'Acevedo', 'Torres', '1981-08-27', FALSE),
(7695185, 'Celeste', 'Evelyn', 'Kirchner', NULL, '1979-07-02', FALSE),
(4482671, 'Gabriela', 'Agueda', 'Camión', NULL, '2017-12-12', FALSE),
(4319822, 'Leticia', 'Nadia', 'González', 'Gómez', '1940-09-21', FALSE),
(7229524, 'Maximiliano', 'Yago', 'Rodríguez', 'Correa', '1962-09-18', TRUE),
(4036736, 'Daniel', NULL, 'Torvalds', 'Torres', '2024-07-14', TRUE),
(6973341, 'Arturo', 'Iván', 'Sativa', 'González', '1941-08-18', TRUE),
(1919604, 'Zoe', 'Teresa', 'De la Pradera Cálida', 'Mesa', '1928-12-12', FALSE),
(6796439, 'Hugo', NULL, 'Sánchez', 'Castillo', '2004-03-26', FALSE),
(5299423, 'Arturo', 'Adrián', 'Silla', 'Saldaño', '1933-02-23', FALSE),
(7791668, 'Mateo', 'Vicente', 'Castillo', 'Bonaventura', '1986-07-05', TRUE),
(1769392, 'Axel', 'Pablo', 'Sánchez', NULL, '2020-04-29', TRUE),
(3087894, 'Melina', NULL, 'Torvalds', 'Saldaño', '1952-05-20', TRUE),
(7679820, 'Milagros', NULL, 'Gómez', 'Milei', '1995-06-21', FALSE),
(5808622, 'Malena', 'Alicia', 'Silla', NULL, '2020-11-23', FALSE),
(6954458, 'Marta', 'Ana', 'Correa', NULL, '1955-04-29', FALSE),
(7662995, 'Nuria', NULL, 'Torvalds', 'De la Pradera Cálida', '1999-09-15', FALSE),
(4338923, 'Jessica', 'Antonella', 'Kojima', 'Ramírez', '1958-10-23', TRUE),
(2212906, 'Camilo', 'Rafael', 'Torvalds', 'Mesa', '1990-02-04', FALSE),
(1456285, 'Camilo', NULL, 'Castillo', 'Pérez', '1931-06-19', TRUE),
(3512906, 'Florencia', 'Melina', 'Acevedo', NULL, '1998-01-01', FALSE),
(6575316, 'Ulises', 'Felipe', 'Sativa', 'Pérez', '1958-03-04', TRUE),
(7066064, 'Consuelo', 'Daniela', 'Gómez', 'Pérez', '1944-06-20', FALSE),
(4579963, 'Claudia', 'Irene', 'Torres', 'Rodríguez', '1925-08-03', TRUE),
(3371447, 'Mercedes', NULL, 'Pomar', 'Rodríguez', '1959-04-27', TRUE),
(4850552, 'Carla', 'Brisa', 'Cripto', NULL, '2024-12-08', TRUE),
(7370902, 'Wilfredo', 'Ricardo', 'Mesa', 'Silla', '1933-03-15', TRUE),
(7804601, 'Claudia', NULL, 'Correa', 'Martínez', '1987-02-09', TRUE),
(6714248, 'Joshua', 'Lautaro', 'Torvalds', 'Milei', '2018-02-06', FALSE),
(6394138, 'Arturo', NULL, 'De la Pradera Cálida', NULL, '1994-08-11', TRUE),
(4712393, 'Tobías', NULL, 'Cripto', 'Rodríguez', '2001-01-15', FALSE),
(5512165, 'Salvador', 'Elías', 'Flores', 'González', '1983-04-16', FALSE),
(1238724, 'Marina', NULL, 'Kojima', NULL, '1931-05-04', TRUE),
(4355799, 'Omar', NULL, 'Cripto', 'López', '1986-11-19', FALSE),
(5610161, 'Alicia', 'Catalina', 'Machado', 'Correa', '1927-08-01', FALSE),
(2314132, 'Mónica', NULL, 'Silla', 'De Luque', '2007-09-02', TRUE),
(4862352, 'Ismael', 'Camilo', 'Gómez', 'Bonaventura', '1951-09-30', TRUE),
(6408426, 'Martín', 'Eduardo', 'Mesa', NULL, '1929-11-29', FALSE),
(7595682, 'Vicente', NULL, 'Ramírez', 'Torres', '1979-08-28', TRUE),
(3174211, 'Joaquín', 'Ulises', 'Ramírez', 'Sánchez', '1944-09-11', TRUE),
(5773651, 'Clara', NULL, 'Sativa', 'Saldaño', '1956-01-21', FALSE),
(6876196, 'Sara', NULL, 'Martínez', NULL, '1958-10-03', TRUE),
(3439013, 'Leonardo', 'Ricardo', 'Acevedo', NULL, '1963-12-18', FALSE),
(7023476, 'Brisa', NULL, 'Saldaño', 'Sativa', '1974-06-24', TRUE),
(4283086, 'Mónica', 'Mercedes', 'Flores', 'Martínez', '1926-01-02', FALSE),
(2185385, 'Mauro', NULL, 'Milei', 'Milei', '1982-04-04', FALSE),
(3560780, 'Lara', 'Verónica', 'Ramírez', 'Martínez', '1942-08-18', TRUE),
(6045380, 'Germán', 'Matias', 'De la Pradera Cálida', NULL, '2025-01-10', FALSE),
(5579504, 'Eugenia', 'Lucía', 'Mesa', NULL, '1942-04-18', TRUE),
(4152425, 'Isabela', 'Rosa', 'Milei', 'Torres', '1988-02-28', FALSE),
(1685782, 'Emiliano', 'Rafael', 'Bonaventura', NULL, '1985-04-12', FALSE),
(4507359, 'Kevin', NULL, 'Torres', NULL, '2001-03-18', FALSE),
(1261163, 'Martina', 'Victoria', 'Correa', 'De la Pradera Cálida', '1931-03-04', FALSE),
(3459570, 'Agustín', 'Cristian', 'Acero', 'Pérez', '1999-07-22', TRUE),
(1514609, 'Baltasar', NULL, 'De Luque', NULL, '1932-12-17', TRUE),
(4124969, 'Brenda', NULL, 'González', 'Rodríguez', '1937-07-10', TRUE),
(6267069, 'Estefanía', 'Paula', 'Flores', NULL, '1933-04-01', FALSE),
(3174419, 'Adrián', NULL, 'Castillo', 'Martínez', '2022-02-11', FALSE),
(4920778, 'Enzo', 'Mathias', 'De la Pradera Cálida', 'Bonaventura', '1959-08-06', TRUE),
(3948580, 'Luz', 'Teresa', 'Correa', NULL, '1950-12-04', FALSE),
(1093002, 'Graciela', NULL, 'Mesa', 'Milei', '2020-01-18', FALSE),
(1526227, 'Ernesto', 'Eduardo', 'López', 'González', '1977-02-21', FALSE),
(5378364, 'Vicente', 'Federico', 'Silla', NULL, '1929-03-19', TRUE),
(2460779, 'Lara', 'Aixa', 'De Luque', NULL, '1953-05-26', FALSE),
(4495012, 'Emilia', 'Alicia', 'Bonaventura', 'De Luque', '1956-03-01', TRUE),
(2319157, 'Violeta', NULL, 'Cripto', 'Kojima', '1975-01-12', FALSE),
(5495489, 'Elías', 'Simón', 'Ramírez', 'De León', '1937-05-04', FALSE),
(4365204, 'Guillermo', 'Javier', 'Gómez', NULL, '2005-09-14', FALSE),
(5328433, 'Omar', 'Damián', 'Pérez', 'Flores', '1954-11-25', FALSE),
(3024058, 'Rubén', 'Santiago', 'Saldaño', NULL, '1966-08-23', FALSE),
(7331379, 'Emiliano', NULL, 'De Luque', NULL, '2006-05-31', FALSE),
(2953087, 'Orlando', 'Guillermo', 'González', 'Acevedo', '2019-11-25', FALSE),
(1468384, 'Renata', 'Andrea', 'De León', NULL, '1998-03-05', FALSE),
(1245577, 'Samuel', 'Yago', 'Bonaventura', 'Saldaño', '1978-05-03', FALSE),
(3717703, 'Noelia', NULL, 'Kojima', NULL, '1967-07-02', TRUE),
(5277534, 'Romina', NULL, 'Rodríguez', 'Torvalds', '1975-02-20', TRUE),
(6761555, 'Daniela', 'Cecilia', 'De la Pradera Cálida', 'Silla', '1930-03-26', FALSE),
(7936113, 'Thiago', 'Lucas', 'Cripto', NULL, '2015-02-08', TRUE),
(6128829, 'Marisol', NULL, 'Pérez', 'Acevedo', '2014-12-31', FALSE),
(6660858, 'Genyfer', 'Celeste', 'Ramírez', 'Torvalds', '1975-08-02', TRUE),
(1520730, 'Marisol', NULL, 'Machado', 'Torres', '2004-06-27', TRUE),
(6865624, 'Selena', 'Julieta', 'Ramírez', 'De Luque', '2023-12-10', TRUE),
(3308511, 'Patricio', 'Alberto', 'Sánchez', 'Silla', '2003-07-13', FALSE),
(1508720, 'Daniela', 'Selena', 'Ramírez', NULL, '1963-04-17', FALSE),
(6047867, 'Beatriz', 'Julieta', 'González', NULL, '1960-12-20', FALSE),
(3092373, 'Cecilia', NULL, 'De León', 'De Luque', '2013-04-15', FALSE),
(5668903, 'Axel', NULL, 'Acevedo', 'Gómez', '1971-10-16', FALSE),
(6381436, 'Leandro', 'Gastón', 'Pérez', 'Acero', '1968-07-25', FALSE),
(4642464, 'Teo', 'Ismael', 'Cripto', NULL, '1943-08-17', FALSE),
(1117161, 'Ernesto', 'Samuel', 'Camión', 'De la Pradera Cálida', '1975-05-05', FALSE),
(3987549, 'Mía', 'Martina', 'Bonaventura', NULL, '1932-05-20', FALSE),
(5011331, 'Mauro', 'Camilo', 'Rodríguez', NULL, '1950-08-22', TRUE),
(5303399, 'Adolfo', 'César', 'Castillo', 'De León', '1943-09-04', FALSE),
(7092118, 'Tobías', NULL, 'Mesa', 'Gómez', '2003-03-12', TRUE),
(4098022, 'Thiago', NULL, 'Pérez', 'Camión', '2015-12-13', FALSE),
(6236078, 'Alejandro', 'César', 'Correa', NULL, '2016-08-08', TRUE),
(5095488, 'Mathias', 'Julio', 'Rodríguez', 'Flores', '1955-01-08', FALSE),
(6602304, 'Viviana', 'Raquel', 'Torvalds', NULL, '1983-02-13', TRUE),
(5339465, 'Oscar', NULL, 'Camión', 'Sativa', '1928-12-14', FALSE),
(2901844, 'Lisandro', 'Esteban', 'Kojima', 'Pérez', '1951-10-31', TRUE),
(5788556, 'Eduardo', NULL, 'Saldaño', 'Torres', '2006-04-14', FALSE),
(5361784, 'Isabela', NULL, 'Gómez', 'González', '2012-08-16', FALSE),
(6491585, 'Serena', NULL, 'De Luque', 'Camión', '2015-04-28', FALSE),
(7063468, 'Valentino', NULL, 'Cripto', 'Machado', '1956-07-31', TRUE),
(1603174, 'Enzo', NULL, 'Cripto', NULL, '1988-07-02', FALSE),
(4659630, 'Fernanda', NULL, 'González', 'Acevedo', '1957-03-23', TRUE),
(5986759, 'Silvia', 'Sara', 'Acevedo', 'Mesa', '1993-01-12', FALSE),
(7477746, 'Martina', NULL, 'Pérez', 'Castillo', '2000-12-11', TRUE),
(7763123, 'Leonardo', 'Carlos', 'Ramírez', 'Correa', '1940-02-14', FALSE),
(3487989, 'Yolanda', 'Viviana', 'González', 'Mesa', '1984-06-19', TRUE),
(4008446, 'Aldana', NULL, 'Gómez', 'Rodríguez', '1940-06-07', FALSE),
(1973559, 'Valentino', NULL, 'De la Pradera Cálida', NULL, '1970-08-12', FALSE),
(1408666, 'Ailén', NULL, 'Machado', 'López', '1960-05-01', TRUE),
(6562716, 'Ignacio', NULL, 'Silla', NULL, '1959-02-01', TRUE),
(1699295, 'Eduardo', 'Gastón', 'Torvalds', 'Camión', '2011-11-28', FALSE),
(2024347, 'Verónica', 'Nuria', 'Sativa', 'Sativa', '2016-07-28', FALSE),
(3037634, 'Magalí', 'Florencia', 'Acevedo', 'Machado', '1959-10-24', FALSE),
(4153556, 'Ailén', 'Irene', 'Sánchez', 'Rodríguez', '1987-01-23', FALSE),
(2225357, 'Wilfredo', NULL, 'Saldaño', 'Castillo', '2021-07-08', TRUE),
(6867086, 'Victoria', NULL, 'Sánchez', 'Milei', '1949-08-29', FALSE),
(4028731, 'Fernanda', 'Andrea', 'González', 'De León', '1995-05-24', TRUE),
(2132954, 'Vicente', 'Gustavo', 'Sánchez', NULL, '1933-01-17', TRUE),
(4465601, 'Sebastián', NULL, 'Gómez', 'Mesa', '1940-08-23', TRUE),
(3185443, 'Teresa', 'Celeste', 'De León', NULL, '1937-01-09', FALSE),
(4193038, 'Ulises', 'Ramiro', 'Castillo', 'Cripto', '2004-02-05', TRUE),
(7249162, 'Gustavo', NULL, 'López', NULL, '1987-07-21', FALSE),
(6701290, 'Baltasar', NULL, 'Cripto', 'Castillo', '1997-08-02', FALSE),
(4544983, 'Cristian', 'Maximiliano', 'Saldaño', 'Pomar', '2016-01-22', FALSE),
(6619409, 'Juan', 'Guillermo', 'López', 'Kirchner', '1962-04-18', FALSE),
(1861427, 'Magalí', 'Camila', 'González', 'De León', '1932-07-03', FALSE),
(6061484, 'Jorge', 'Alberto', 'Pomar', NULL, '1936-06-23', FALSE),
(3316832, 'Ariana', NULL, 'Cripto', 'Machado', '1955-07-22', FALSE),
(3139954, 'Luciano', 'Bruno', 'De León', 'Cripto', '1929-04-18', TRUE),
(6023271, 'Salvador', NULL, 'Torvalds', 'De Luque', '1971-12-25', TRUE),
(5478520, 'Irene', 'Alicia', 'Saldaño', NULL, '1987-10-21', TRUE),
(2611607, 'Wilfredo', NULL, 'Pomar', 'Camión', '2008-09-21', FALSE),
(2503081, 'Diego', NULL, 'De Luque', 'Kirchner', '2005-12-26', FALSE),
(2919787, 'Nadia', NULL, 'Martínez', NULL, '2018-07-13', TRUE),
(5685465, 'Mía', 'Ana', 'González', 'Gómez', '1970-03-26', TRUE),
(3493881, 'María', NULL, 'Cripto', 'Kojima', '2000-08-29', FALSE),
(4724871, 'Valentín', 'Renzo', 'Saldaño', 'González', '1994-07-16', TRUE),
(5461575, 'Bruno', 'Jacobo', 'Acevedo', 'López', '1975-12-29', TRUE),
(2383151, 'Romina', 'Ivana', 'Milei', 'González', '1968-12-07', TRUE),
(5286485, 'Silvana', 'Yolanda', 'Castillo', NULL, '1969-02-05', TRUE),
(2296845, 'Julio', 'Javier', 'De la Pradera Cálida', 'González', '1943-07-26', FALSE),
(2911345, 'Valentino', 'Germán', 'Kirchner', NULL, '1992-11-21', TRUE),
(3377660, 'Rafael', NULL, 'Saldaño', 'Correa', '1931-12-03', TRUE),
(6242969, 'Felipe', 'Ulises', 'Pérez', 'López', '2008-11-26', TRUE),
(5564347, 'Manuel', 'Orlando', 'De la Pradera Cálida', 'Correa', '1950-05-26', FALSE),
(7610786, 'Camilo', NULL, 'López', 'Martínez', '1997-10-09', TRUE),
(4759474, 'Julio', NULL, 'Kirchner', 'Milei', '1927-02-12', TRUE),
(6268161, 'Juan', 'Fabián', 'Ramírez', 'Pérez', '1979-05-28', FALSE),
(5485763, 'Martina', NULL, 'Ramírez', 'Gómez', '1954-11-17', TRUE),
(7148067, 'Adrián', NULL, 'Correa', 'Correa', '2005-06-27', FALSE),
(7194513, 'Lucas', NULL, 'Martínez', 'Silla', '2004-10-09', FALSE),
(2445532, 'Mía', NULL, 'Torres', 'Cripto', '2018-01-08', FALSE),
(4691668, 'Sofía', 'Marina', 'López', 'Torvalds', '1947-10-10', FALSE),
(3808413, 'Rosa', NULL, 'Silla', 'Pérez', '1964-01-27', FALSE),
(1488254, 'Ismael', 'Tobías', 'De Luque', NULL, '1965-06-03', FALSE),
(7892708, 'Brisa', NULL, 'Pérez', 'De la Pradera Cálida', '1957-11-06', TRUE),
(4626134, 'Elena', NULL, 'Pomar', NULL, '1961-03-30', FALSE),
(5081838, 'Ramiro', 'Kevin', 'González', 'Correa', '1954-05-17', FALSE),
(7254701, 'Orlando', 'Rubén', 'Castillo', 'Correa', '1959-05-20', FALSE),
(4444158, 'Matias', NULL, 'Sánchez', 'Bonaventura', '1973-10-05', FALSE),
(1981719, 'Selena', 'Ivana', 'Rodríguez', NULL, '1926-08-18', TRUE),
(2658040, 'Yago', NULL, 'Bonaventura', NULL, '2013-02-25', TRUE),
(4145750, 'Sara', 'Susana', 'Ramírez', NULL, '1999-02-02', FALSE),
(1796251, 'Mario', NULL, 'Kojima', 'De la Pradera Cálida', '1925-10-09', FALSE),
(2580900, 'Magalí', 'Susana', 'Kojima', 'Martínez', '2012-03-02', FALSE),
(6777459, 'Pilar', NULL, 'Camión', 'De León', '1978-12-21', TRUE),
(2980237, 'Luis', 'Armando', 'Acero', 'Correa', '1984-07-02', TRUE),
(3769609, 'Jacobo', 'Martín', 'Torres', 'Gómez', '2002-03-06', FALSE),
(2222204, 'Gustavo', 'Carlos', 'Martínez', 'Correa', '1970-01-29', FALSE),
(5926535, 'Eduardo', NULL, 'Milei', 'Sativa', '1971-08-01', TRUE),
(4824712, 'Agustina', NULL, 'Ramírez', NULL, '1974-08-30', FALSE),
(4414481, 'Emmanuel', 'Guillermo', 'Flores', 'Correa', '1932-12-26', FALSE),
(6558087, 'Luis', 'Luis', 'Correa', 'Pérez', '1949-06-12', FALSE),
(2777510, 'Melisa', 'Renata', 'Sativa', 'Martínez', '1966-12-17', FALSE),
(5591132, 'Inés', NULL, 'De Luque', NULL, '1993-06-07', TRUE),
(4770623, 'Jolanda', 'Aixa', 'De León', NULL, '1976-09-10', FALSE),
(4455446, 'Beatriz', NULL, 'Ramírez', 'Machado', '2006-04-13', TRUE),
(5270771, 'Andrea', NULL, 'Silla', 'De León', '2006-01-05', TRUE),
(7694570, 'Olga', NULL, 'Flores', 'Correa', '2019-03-27', TRUE),
(7322469, 'Cristian', 'Diego', 'González', 'Cripto', '1931-07-16', TRUE),
(6775875, 'Pedro', NULL, 'Camión', 'Silla', '1959-08-13', TRUE),
(2079208, 'Hugo', NULL, 'Pomar', 'Acero', '2011-06-03', FALSE),
(3149366, 'Iván', NULL, 'Ramírez', 'Ramírez', '2001-01-05', TRUE),
(4192687, 'Miguel', 'Andrés', 'Mesa', 'Sativa', '1955-03-05', TRUE),
(3197415, 'Joni', 'Ricardo', 'Kirchner', 'Ramírez', '1939-10-08', TRUE),
(2188484, 'Silvana', 'Vanesa', 'De León', NULL, '1975-10-07', FALSE),
(2255815, 'Sofía', 'Vanesa', 'Pomar', 'Sánchez', '1971-05-19', FALSE),
(6417816, 'Catalina', NULL, 'De León', NULL, '1969-01-06', FALSE),
(7248913, 'Leandro', NULL, 'Bonaventura', 'Cripto', '2021-01-07', FALSE),
(4622361, 'Noelia', NULL, 'Machado', NULL, '1933-07-20', FALSE),
(3421359, 'Kevin', NULL, 'Pomar', NULL, '2003-11-14', TRUE),
(4851947, 'Renata', NULL, 'Gómez', 'Torres', '1987-07-20', FALSE),
(2593568, 'Martín', 'Omar', 'González', 'González', '1935-12-21', TRUE),
(3535224, 'Zacarías', 'Tobías', 'Kojima', 'Sativa', '1995-11-07', FALSE),
(1878049, 'Javier', NULL, 'De Luque', 'Mesa', '1984-03-20', FALSE),
(7702660, 'Brashan', 'Hugo', 'Flores', NULL, '1926-10-08', FALSE),
(6153637, 'Clara', 'Delfina', 'González', NULL, '2010-06-13', TRUE),
(6610343, 'Cristian', 'Mauricio', 'Kojima', NULL, '1927-06-13', FALSE),
(7418562, 'Lorena', 'Silvana', 'Pérez', 'Kojima', '1927-01-04', TRUE),
(4303310, 'Fátima', NULL, 'Rodríguez', 'Sánchez', '1953-08-23', TRUE),
(6285457, 'Mariela', 'Agustina', 'Cripto', 'Correa', '2020-09-23', TRUE),
(7650652, 'Yamila', 'Pamela', 'Mesa', NULL, '2015-09-20', TRUE),
(1187618, 'Joaquín', 'Manuel', 'Sativa', 'Camión', '1950-03-25', TRUE),
(6376768, 'Mariela', 'Mía', 'Flores', NULL, '1946-06-07', TRUE),
(3482889, 'Orlando', 'Nahuel', 'Milei', 'López', '2011-06-30', TRUE),
(1768134, 'Magalí', NULL, 'Torvalds', 'Cripto', '1996-11-19', FALSE),
(3992040, 'Serena', NULL, 'Rodríguez', NULL, '1964-08-05', FALSE),
(2351406, 'Mara', 'Victoria', 'De Luque', NULL, '1995-06-07', TRUE),
(2727134, 'Kevin', 'Gastón', 'Castillo', NULL, '2025-02-03', FALSE),
(7947675, 'Aitana', 'Violeta', 'Sánchez', 'Ramírez', '2021-11-02', FALSE),
(7515038, 'Celeste', 'Rocío', 'Torvalds', 'Sánchez', '2007-09-10', TRUE),
(5139154, 'Luciano', 'Tomás', 'Kirchner', 'Sativa', '1994-10-18', TRUE),
(4440297, 'Celeste', 'Brenda', 'Saldaño', 'Sánchez', '2001-11-29', TRUE),
(2383414, 'Clara', 'Susana', 'Acevedo', 'Martínez', '1941-06-02', FALSE),
(5487324, 'Renzo', NULL, 'Milei', 'Silla', '2000-11-23', TRUE),
(6370664, 'Bianca', NULL, 'De la Pradera Cálida', 'Correa', '1962-06-04', FALSE),
(5666899, 'Eugenia', 'Romina', 'Sativa', 'Machado', '1939-05-20', FALSE),
(1732030, 'Brisa', 'Camila', 'López', 'Bonaventura', '2024-12-14', FALSE),
(7275445, 'Jolanda', 'Ailén', 'Pérez', NULL, '1925-11-09', TRUE),
(6319074, 'Abril', 'Martina', 'Bonaventura', NULL, '1963-04-17', TRUE),
(6108148, 'Josefina', 'Mara', 'Correa', 'Correa', '1950-06-05', FALSE),
(4748792, 'Mercedes', NULL, 'Gómez', 'Saldaño', '1945-07-02', TRUE),
(4874742, 'Armando', NULL, 'Machado', 'Flores', '2013-01-23', TRUE),
(3229012, 'Fabián', 'Jacobo', 'Torres', NULL, '2019-04-05', TRUE),
(6122122, 'Thiago', 'Javier', 'Silla', 'Silla', '1930-02-22', FALSE),
(1743980, 'Tamara', 'Catalina', 'Pomar', NULL, '1943-07-11', FALSE),
(5283412, 'Josefina', NULL, 'Torres', 'López', '2023-03-05', FALSE),
(5794978, 'Marcos', NULL, 'Mesa', 'Correa', '1988-11-12', FALSE),
(4409752, 'Valentino', NULL, 'Saldaño', 'López', '1965-07-21', TRUE),
(1758138, 'Vicente', 'Kevin', 'Kirchner', NULL, '1958-12-05', TRUE),
(3574082, 'Mariela', 'Romina', 'Cripto', 'De León', '1997-08-28', FALSE),
(2779717, 'Estefanía', 'Isabela', 'Torvalds', 'Pomar', '1997-05-20', FALSE),
(3447822, 'Enzo', 'Cristian', 'Bonaventura', 'De Luque', '1938-06-26', TRUE),
(4303098, 'Damián', 'Ricardo', 'Machado', NULL, '1930-12-11', FALSE),
(4456826, 'Pedro', 'Javier', 'Mesa', 'Castillo', '1982-02-21', FALSE),
(2618906, 'Milagros', NULL, 'Bonaventura', 'Kirchner', '2006-12-15', TRUE),
(2176741, 'Sara', 'Sofía', 'Martínez', NULL, '1943-01-03', FALSE),
(2142999, 'Nahuel', NULL, 'González', NULL, '2013-04-25', TRUE),
(5340942, 'Inés', NULL, 'Silla', 'Silla', '1946-12-31', FALSE),
(6662474, 'Ramiro', NULL, 'Ramírez', NULL, '1982-07-09', FALSE),
(7830857, 'Pamela', NULL, 'Martínez', 'Ramírez', '1985-12-24', FALSE),
(2244823, 'Germán', 'Facundo', 'Torres', 'Camión', '1961-07-19', TRUE),
(1531057, 'Daniela', NULL, 'Sánchez', 'Rodríguez', '1984-01-26', FALSE),
(7465829, 'Pamela', 'Nadia', 'Ramírez', 'Sánchez', '1973-03-20', TRUE),
(5553518, 'Vanesa', NULL, 'Kojima', 'Rodríguez', '2021-04-28', FALSE),
(6450281, 'Raquel', 'Melina', 'Torvalds', 'Martínez', '1939-03-30', FALSE),
(2561833, 'Brisa', 'Abril', 'Pérez', NULL, '1929-02-16', FALSE),
(1491385, 'César', NULL, 'Milei', 'Acevedo', '1997-03-25', FALSE),
(2399372, 'Josefina', 'Estefanía', 'Machado', NULL, '1931-11-07', FALSE),
(7419459, 'Mathias', 'Tomás', 'Bonaventura', NULL, '2011-03-03', FALSE),
(2647106, 'Valentín', NULL, 'De León', 'Martínez', '1962-12-31', FALSE),
(7071182, 'Vicente', NULL, 'Torvalds', 'Sánchez', '1945-08-27', TRUE),
(2519247, 'Rafael', NULL, 'Saldaño', 'López', '1999-10-11', TRUE),
(1063804, 'Sebastián', 'Enzo', 'De León', 'Martínez', '2023-06-06', FALSE),
(2686334, 'Gustavo', 'Ricardo', 'Sativa', NULL, '1933-09-24', FALSE),
(6945358, 'Oscar', NULL, 'Sánchez', 'De la Pradera Cálida', '1940-05-24', FALSE),
(4547432, 'Pablo', 'Joaquín', 'Milei', 'Sativa', '1956-05-17', TRUE),
(5457426, 'Kevin', NULL, 'De la Pradera Cálida', 'Milei', '2011-12-06', FALSE),
(2537271, 'Tamara', NULL, 'Machado', 'Kirchner', '1990-02-06', TRUE),
(4166248, 'Gabriel', 'Valentín', 'De la Pradera Cálida', 'De Luque', '2021-10-22', TRUE),
(1444994, 'Olga', 'Brisa', 'Sánchez', NULL, '2017-11-29', TRUE),
(2690857, 'Clara', NULL, 'Rodríguez', NULL, '1974-12-09', FALSE),
(6065350, 'Ulises', 'Rodrigo', 'Castillo', NULL, '1964-01-18', FALSE),
(1248922, 'Natalia', 'Pamela', 'Acero', 'Correa', '1982-03-24', TRUE),
(4898595, 'Selena', 'Rocío', 'Martínez', NULL, '2016-10-03', TRUE),
(2261301, 'Paula', NULL, 'Ramírez', NULL, '2003-07-11', TRUE),
(7880755, 'Pablo', 'Joshua', 'Pérez', NULL, '2015-05-01', TRUE),
(1468527, 'Aitana', 'Aixa', 'Correa', NULL, '2012-05-26', FALSE),
(4513303, 'Emilia', NULL, 'Mesa', 'De León', '1941-12-20', FALSE),
(4068620, 'Guillermo', NULL, 'Torvalds', NULL, '1978-09-27', TRUE),
(1829556, 'Maximiliano', NULL, 'Ramírez', 'Sánchez', '2019-08-03', FALSE),
(6413844, 'Adrián', 'Rodrigo', 'Ramírez', 'Bonaventura', '1980-03-27', TRUE),
(5902211, 'Natalia', 'Florencia', 'Castillo', 'Rodríguez', '1926-10-20', FALSE),
(4543565, 'Adrián', 'Yago', 'Bonaventura', 'Bonaventura', '2009-08-12', TRUE),
(6242695, 'Malena', NULL, 'De León', NULL, '1960-10-22', FALSE),
(5428291, 'Serena', NULL, 'Silla', 'Sativa', '1958-03-01', FALSE),
(1918653, 'Verónica', NULL, 'De la Pradera Cálida', NULL, '1940-08-26', TRUE),
(4260145, 'Arturo', 'Maximiliano', 'González', NULL, '1946-05-02', FALSE),
(1398974, 'Norma', NULL, 'Sativa', 'Ramírez', '1943-01-02', FALSE),
(7799253, 'Emiliano', 'Gabriel', 'Cripto', 'De la Pradera Cálida', '1998-03-24', TRUE),
(7224437, 'Orlando', 'Alejandro', 'Correa', NULL, '1982-07-26', TRUE),
(5949100, 'Claudia', NULL, 'Castillo', NULL, '1941-04-03', FALSE),
(4572675, 'Natalia', NULL, 'Acero', 'López', '1939-07-23', FALSE),
(2041998, 'Rodrigo', 'Alejandro', 'Torvalds', NULL, '1926-06-07', FALSE),
(7523518, 'Bianca', 'Silvana', 'De la Pradera Cálida', 'Gómez', '1999-11-28', TRUE),
(5650428, 'Joni', NULL, 'Milei', NULL, '1945-10-16', FALSE),
(1238588, 'Inés', 'Victoria', 'De Luque', NULL, '2004-11-11', TRUE),
(1533227, 'Selena', 'Daniela', 'Pérez', 'Acevedo', '1943-11-01', FALSE),
(7523586, 'Brisa', 'Lidia', 'Saldaño', 'Kojima', '1967-02-25', TRUE),
(3229401, 'Alicia', 'Ivana', 'Acero', 'Martínez', '2013-04-25', TRUE),
(4645005, 'Juliana', 'Jessica', 'Cripto', NULL, '1938-10-29', FALSE),
(7823274, 'Alejandro', NULL, 'Castillo', NULL, '2013-05-11', FALSE),
(6248444, 'Damián', 'Gustavo', 'Pérez', 'Saldaño', '2014-11-09', FALSE),
(7137731, 'Brisa', 'María', 'Correa', 'Pomar', '1962-05-12', FALSE),
(7059108, 'Florencia', 'Ariadna', 'Torvalds', 'Pérez', '1958-08-30', FALSE),
(2841571, 'Claudia', NULL, 'López', 'Martínez', '1990-05-22', FALSE),
(1850671, 'Valentín', NULL, 'Acero', NULL, '2019-05-18', TRUE),
(4988898, 'Matías', 'Joshua', 'Castillo', 'Cripto', '1965-05-27', FALSE),
(3180415, 'Viviana', 'Zoe', 'Sativa', 'Pérez', '2006-01-05', TRUE),
(4864711, 'Mathias', 'Leonardo', 'Kojima', 'Ramírez', '1965-06-11', TRUE),
(7026401, 'Esteban', 'Camilo', 'González', 'Camión', '1953-01-16', FALSE),
(2998442, 'Ailén', NULL, 'Pérez', 'Mesa', '2022-02-14', TRUE),
(1039877, 'Simón', 'Gastón', 'Rodríguez', 'Kojima', '1972-02-08', TRUE),
(7191138, 'Alan', NULL, 'Acevedo', 'De Luque', '1996-09-19', TRUE),
(7242650, 'Joni', 'Rubén', 'Sánchez', 'Flores', '2011-05-19', TRUE),
(2760026, 'Silvia', NULL, 'Gómez', NULL, '1988-05-31', FALSE),
(5424183, 'Hugo', 'Bruno', 'Torvalds', 'Milei', '2000-09-03', FALSE),
(1911358, 'Baltasar', 'Eduardo', 'Bonaventura', 'Pérez', '1992-11-30', TRUE),
(1044597, 'Norma', NULL, 'Milei', NULL, '2018-08-25', TRUE),
(7638738, 'Gabriel', NULL, 'Sánchez', 'Gómez', '1964-04-23', TRUE),
(1791549, 'Joshua', 'Franco', 'Pérez', 'Acero', '1970-05-29', FALSE),
(3177559, 'Javier', 'Yago', 'De la Pradera Cálida', 'Acevedo', '1984-09-19', TRUE),
(1315851, 'Marisol', 'Viviana', 'Ramírez', 'Gómez', '1934-05-08', FALSE),
(2694863, 'Rafael', 'Rodrigo', 'Torres', 'De León', '1990-01-02', TRUE),
(6327296, 'Viviana', 'Victoria', 'Sativa', 'Rodríguez', '1956-12-17', TRUE),
(2951665, 'Martín', NULL, 'De León', 'Pérez', '1966-10-23', FALSE),
(3641007, 'Yolanda', NULL, 'Torvalds', 'Pérez', '1999-11-04', TRUE),
(6999908, 'Kevin', 'Mariano', 'Correa', 'Castillo', '1942-04-19', FALSE),
(4984951, 'Clara', 'Aitana', 'De Luque', 'Torres', '1942-03-23', TRUE),
(7145249, 'Joaquín', 'Luis', 'Correa', 'Sativa', '1993-10-20', FALSE),
(7282890, 'Fernanda', NULL, 'Rodríguez', 'Torres', '1956-10-30', FALSE),
(2855558, 'Renata', NULL, 'González', 'Rodríguez', '1957-07-16', FALSE),
(1561738, 'Ariadna', 'Fernanda', 'De León', 'Martínez', '1937-03-26', TRUE),
(1813091, 'Aixa', NULL, 'Correa', 'Milei', '2005-08-17', TRUE),
(6394715, 'Consuelo', 'Violeta', 'Cripto', 'De León', '1965-04-29', TRUE),
(2654610, 'Emiliano', 'Simón', 'Torvalds', NULL, '1980-10-20', FALSE),
(3949176, 'Abril', 'Gabriela', 'Sativa', 'Cripto', '1958-10-30', FALSE),
(6685409, 'Alejandro', NULL, 'Milei', 'De la Pradera Cálida', '1952-09-10', FALSE),
(5644771, 'Nicolás', NULL, 'Pomar', 'Torvalds', '1977-12-25', TRUE),
(5918538, 'Evelyn', NULL, 'De la Pradera Cálida', 'Cripto', '2012-10-16', FALSE),
(4141943, 'Gastón', 'Adolfo', 'Mesa', 'Sánchez', '1956-02-22', TRUE),
(6861361, 'Ignacio', NULL, 'Acevedo', NULL, '1954-09-09', TRUE),
(3807413, 'Tamara', NULL, 'Kojima', 'Cripto', '1980-06-20', TRUE),
(7998546, 'Yago', NULL, 'Sánchez', 'Sativa', '1958-11-29', TRUE),
(4611367, 'Joaquín', 'Omar', 'Torvalds', 'Cripto', '1936-06-18', TRUE),
(4593504, 'Leticia', 'Josefina', 'Machado', 'Pérez', '2001-05-22', FALSE),
(1131438, 'Sol', 'Carolina', 'Sánchez', 'Flores', '1969-02-25', FALSE),
(3243639, 'Gastón', NULL, 'Kirchner', 'Pérez', '1925-12-23', FALSE),
(6806556, 'Alberto', NULL, 'Sativa', NULL, '1979-07-24', TRUE),
(3654503, 'Joaquín', NULL, 'Bonaventura', NULL, '1998-04-12', TRUE),
(2765325, 'Brisa', 'Julieta', 'Gómez', 'Silla', '2008-09-03', FALSE),
(3667581, 'Mirta', 'Milagros', 'Kirchner', NULL, '1983-12-31', TRUE),
(1439695, 'Aurelia', NULL, 'Acero', 'Camión', '2015-02-23', TRUE),
(7833473, 'Tamara', 'Sara', 'Martínez', 'González', '1960-06-02', FALSE),
(3782633, 'Jessica', 'Brisa', 'Silla', 'Gómez', '2010-03-21', FALSE),
(7603750, 'Raúl', 'Jorge', 'Pomar', 'De Luque', '2005-02-18', TRUE),
(7772514, 'Victoria', 'Milagros', 'López', 'Cripto', '1959-06-22', TRUE),
(1541653, 'Patricio', NULL, 'López', 'Sativa', '2004-11-17', TRUE),
(6686568, 'Agustina', 'Martina', 'González', 'Flores', '1981-07-16', TRUE),
(7158256, 'Tomás', NULL, 'Pérez', 'Machado', '2022-01-21', FALSE),
(7663623, 'Gastón', NULL, 'López', 'Pomar', '1964-10-03', TRUE),
(2341729, 'Tamara', 'Andrea', 'Flores', NULL, '1963-09-03', FALSE),
(4573210, 'Melisa', NULL, 'Sánchez', 'Saldaño', '2012-12-23', FALSE),
(4747938, 'Martín', NULL, 'Correa', 'Acevedo', '1974-11-28', FALSE),
(1381400, 'Valentino', NULL, 'Torvalds', 'Martínez', '1949-05-27', TRUE),
(7656439, 'Mercedes', NULL, 'Sativa', NULL, '2003-03-26', FALSE),
(6811723, 'Mateo', NULL, 'Ramírez', 'Correa', '1948-10-04', TRUE),
(3704356, 'Mara', 'Marisol', 'Torvalds', 'Torres', '1992-08-15', TRUE),
(2711281, 'Yolanda', 'Ariadna', 'Ramírez', NULL, '2000-07-22', TRUE),
(2272948, 'Rocío', 'Cecilia', 'Rodríguez', NULL, '2018-09-17', FALSE),
(6572580, 'Melisa', NULL, 'Torvalds', NULL, '1956-12-06', TRUE),
(2208469, 'Ailén', 'Florencia', 'Saldaño', 'Machado', '2004-08-01', TRUE),
(7306641, 'Daniela', 'Julieta', 'Pérez', NULL, '1955-10-20', TRUE),
(4858835, 'Orlando', NULL, 'Sativa', NULL, '2009-05-06', FALSE),
(1156836, 'Camilo', 'Eduardo', 'González', NULL, '2016-08-13', FALSE),
(6565605, 'Guillermo', 'Ulises', 'Flores', 'Torvalds', '1978-04-19', FALSE),
(6460282, 'Joni', 'Mario', 'Bonaventura', 'López', '1941-07-24', TRUE),
(7840423, 'Lucas', NULL, 'Kirchner', 'González', '1969-02-21', TRUE),
(6361301, 'Rubén', 'Daniel', 'Saldaño', 'Sánchez', '2016-03-22', TRUE),
(1085214, 'Aldana', NULL, 'Cripto', 'Sánchez', '1951-08-05', TRUE),
(7530729, 'Diego', NULL, 'Castillo', 'Acero', '1946-08-21', TRUE),
(2082689, 'Antonella', 'Natalia', 'Pérez', NULL, '1989-11-29', TRUE),
(1596909, 'Evelyn', 'Genyfer', 'González', 'López', '1953-07-14', TRUE),
(2248921, 'Silvana', 'Romina', 'Saldaño', 'De la Pradera Cálida', '1987-01-29', FALSE),
(2674322, 'Agueda', 'Serena', 'Saldaño', 'González', '1953-05-29', FALSE),
(5045806, 'Romina', 'Delfina', 'Acero', 'Camión', '1962-12-25', FALSE),
(4080707, 'Guillermo', 'Andrés', 'Martínez', NULL, '1928-03-26', TRUE),
(2229843, 'Ivana', 'Martina', 'Silla', NULL, '1974-02-28', FALSE),
(5683614, 'Valentino', 'Luciano', 'Camión', 'Flores', '1930-06-11', FALSE),
(1899105, 'Tomás', 'Sebastián', 'Torvalds', 'Pérez', '1969-09-20', FALSE),
(7678760, 'Santiago', 'Fabián', 'De la Pradera Cálida', 'Cripto', '2024-02-18', FALSE),
(5331782, 'Sofía', NULL, 'González', NULL, '1936-09-01', TRUE),
(1674259, 'Jessica', 'Selena', 'Machado', 'Acero', '2013-05-27', FALSE),
(4480816, 'Rocío', 'Carla', 'De Luque', 'Silla', '1979-01-02', TRUE),
(5193981, 'Joni', 'Alfonso', 'Camión', 'Castillo', '1930-03-12', FALSE),
(1170184, 'Yolanda', NULL, 'Kirchner', 'Kojima', '1991-11-30', TRUE),
(3084775, 'Patricio', 'Brashan', 'Ramírez', 'Milei', '2013-08-08', TRUE),
(4595324, 'Selena', 'Teresa', 'Camión', 'Kirchner', '1987-12-17', TRUE),
(7100166, 'Violeta', NULL, 'Torvalds', 'Pérez', '1932-05-09', TRUE),
(7284273, 'Selena', 'Silvia', 'Torvalds', 'Sativa', '1955-12-03', TRUE),
(2143877, 'Ariadna', 'Mirta', 'Machado', 'Castillo', '2020-03-05', FALSE),
(7950012, 'Vanesa', NULL, 'Gómez', 'Rodríguez', '1941-10-28', FALSE),
(2411107, 'Irene', NULL, 'Gómez', NULL, '1931-03-10', FALSE),
(5015976, 'Maximiliano', 'Bruno', 'Torvalds', 'Cripto', '1999-09-07', TRUE),
(5106159, 'Valentina', 'Serena', 'Camión', 'Kirchner', '1947-03-21', TRUE),
(2162904, 'Lorena', NULL, 'De Luque', 'De la Pradera Cálida', '1938-09-10', FALSE),
(3126971, 'María', 'Emilia', 'Castillo', NULL, '2004-02-17', TRUE),
(5102299, 'Omar', NULL, 'Machado', NULL, '1967-07-12', FALSE),
(1716503, 'Tobías', 'Alan', 'Bonaventura', 'Rodríguez', '1984-06-18', TRUE),
(5121039, 'Marisol', 'Yolanda', 'Martínez', 'Acero', '2009-11-13', TRUE),
(5692409, 'Luciano', 'Tobías', 'Martínez', 'Gómez', '1999-08-27', FALSE),
(5034041, 'Valentino', 'Juan', 'Ramírez', 'Saldaño', '1978-08-10', TRUE),
(6280965, 'Emiliano', NULL, 'Bonaventura', 'Pomar', '1952-03-25', TRUE),
(3367003, 'Daniela', NULL, 'Sánchez', 'Acevedo', '1940-04-29', TRUE),
(7454225, 'Alberto', 'Orlando', 'Gómez', 'Acevedo', '1982-02-21', TRUE),
(6656481, 'Yamila', 'Mía', 'Ramírez', 'De Luque', '1986-07-25', TRUE),
(5013894, 'Matías', 'Marcos', 'Kojima', NULL, '1931-07-02', FALSE),
(4519437, 'Leandro', NULL, 'Camión', 'Cripto', '2011-09-24', TRUE),
(5712782, 'Zacarías', NULL, 'Kojima', 'Torvalds', '1960-11-08', TRUE),
(6463287, 'Bruno', 'Jacobo', 'De León', 'Acevedo', '1928-03-13', TRUE),
(5055713, 'Alicia', NULL, 'Torvalds', NULL, '1962-09-23', TRUE),
(7436288, 'Adrián', NULL, 'Ramírez', 'Milei', '1996-02-19', TRUE),
(3312956, 'Elías', 'Salvador', 'Saldaño', NULL, '2007-09-09', FALSE),
(7020647, 'Emiliano', NULL, 'Correa', 'González', '2005-11-14', TRUE),
(6865726, 'Camila', NULL, 'Mesa', NULL, '1979-08-23', FALSE),
(7919205, 'Orlando', 'Mario', 'Kirchner', 'Correa', '2005-03-27', FALSE),
(3634536, 'Vanesa', 'Natalia', 'Sativa', NULL, '1936-07-29', TRUE),
(4914079, 'Dante', 'Nahuel', 'Pérez', 'Flores', '2002-10-04', TRUE),
(2766866, 'Aitana', NULL, 'Gómez', NULL, '1960-04-07', TRUE),
(5766274, 'Agustín', 'Raúl', 'Mesa', 'Correa', '1965-02-23', FALSE),
(2856043, 'Mariela', 'Emilia', 'Gómez', 'Flores', '1964-12-25', TRUE),
(4042958, 'Manuel', NULL, 'Rodríguez', 'Machado', '1987-06-13', TRUE),
(1410682, 'Orlando', 'Marcos', 'Torvalds', 'Pomar', '1945-11-14', TRUE),
(1840772, 'Beatriz', 'Leticia', 'Correa', 'Machado', '1983-07-01', TRUE),
(1087944, 'Felipe', 'Hugo', 'Bonaventura', 'De la Pradera Cálida', '1991-08-19', FALSE),
(7013220, 'Ramiro', NULL, 'Sativa', NULL, '1959-08-05', FALSE),
(6467075, 'Marisol', 'Juliana', 'Correa', 'De León', '1933-03-22', TRUE),
(1958561, 'Julieta', NULL, 'Cripto', 'Gómez', '1925-08-17', TRUE),
(3240767, 'Lorena', 'Sol', 'Kirchner', NULL, '2009-07-02', TRUE),
(6545512, 'Sara', 'Genyfer', 'Rodríguez', NULL, '1948-03-15', FALSE),
(3860484, 'Fernanda', 'Ailén', 'Torres', NULL, '1992-03-01', FALSE),
(2185888, 'Sergio', 'Arturo', 'Pomar', 'Ramírez', '1999-10-29', FALSE),
(5419122, 'Elías', NULL, 'Ramírez', 'Ramírez', '1966-09-29', FALSE),
(7521926, 'Delfina', NULL, 'Martínez', NULL, '1983-04-01', FALSE),
(5824522, 'Kevin', 'Ismael', 'Kojima', 'Camión', '1981-07-17', TRUE),
(7373043, 'Sol', 'Susana', 'Silla', NULL, '2023-02-10', FALSE),
(4996396, 'Nahuel', NULL, 'Pérez', 'De la Pradera Cálida', '1996-09-20', TRUE),
(2018515, 'Valentina', 'Sandra', 'Gómez', 'Correa', '1999-09-30', TRUE),
(2628161, 'Silvia', 'Fernanda', 'Castillo', 'Acero', '1944-08-02', TRUE),
(1394935, 'Ramiro', NULL, 'Acevedo', 'De León', '1973-12-04', FALSE),
(7309914, 'Sofía', NULL, 'Flores', 'Camión', '2004-05-29', TRUE),
(7196214, 'Maximiliano', 'Felipe', 'Pomar', 'Machado', '1927-06-17', TRUE),
(5263675, 'Carlos', 'Ulises', 'Milei', 'De la Pradera Cálida', '1994-06-08', TRUE),
(7449788, 'Samuel', 'Brashan', 'De Luque', 'Camión', '1949-08-06', TRUE),
(3687728, 'Federico', 'Maximiliano', 'Gómez', NULL, '1964-10-11', FALSE),
(6567706, 'Violeta', NULL, 'Kojima', 'Camión', '1979-08-23', FALSE),
(4306441, 'Nadia', NULL, 'Sativa', 'Acero', '2011-04-04', TRUE),
(5948064, 'Emiliano', NULL, 'Castillo', NULL, '2009-05-23', TRUE),
(4421298, 'Hernán', NULL, 'Mesa', 'Rodríguez', '1937-05-28', FALSE),
(6988165, 'Martina', NULL, 'González', NULL, '1980-11-08', FALSE),
(7846766, 'Dante', 'Damián', 'Silla', 'Silla', '1960-12-21', FALSE),
(2182949, 'Celeste', NULL, 'Gómez', 'Kojima', '1977-08-08', FALSE),
(4533932, 'Adolfo', 'Ulises', 'Saldaño', 'Cripto', '1984-09-23', FALSE),
(4151926, 'Andrés', 'Rubén', 'Torres', 'Mesa', '1999-02-08', TRUE),
(7228648, 'Gustavo', 'Emmanuel', 'Rodríguez', 'Pérez', '1964-04-07', FALSE),
(4327264, 'Alberto', 'Baltasar', 'De Luque', 'Pomar', '2002-06-22', TRUE),
(2945311, 'Jessica', 'Jessica', 'Pérez', 'Castillo', '1947-05-01', FALSE),
(2921787, 'Yolanda', NULL, 'Bonaventura', 'López', '1984-12-29', FALSE),
(5601349, 'Malena', NULL, 'Bonaventura', 'González', '1988-12-16', FALSE),
(5363563, 'Salvador', 'Raúl', 'Correa', 'Machado', '1983-05-15', FALSE),
(4070973, 'Aldana', NULL, 'Torvalds', 'Milei', '1951-03-16', FALSE),
(3604672, 'Orlando', 'Benjamín', 'De León', 'Kojima', '2011-11-03', FALSE),
(1248365, 'Patricio', 'Baltasar', 'Acero', 'Torvalds', '1967-08-23', FALSE),
(2409998, 'Carlos', NULL, 'Machado', 'Acero', '1973-11-19', FALSE),
(2001160, 'Claudia', NULL, 'Acevedo', 'González', '1942-12-30', TRUE),
(2407659, 'Oscar', 'Marcos', 'Milei', 'López', '2013-02-14', TRUE),
(6770980, 'Nadia', 'Valentina', 'Acevedo', 'Bonaventura', '1985-04-12', FALSE),
(5374136, 'Valentín', NULL, 'Kirchner', NULL, '1974-08-02', TRUE),
(2181213, 'Nadia', 'Viviana', 'González', 'Mesa', '1973-10-14', TRUE),
(7904450, 'Paula', 'Camila', 'De León', 'Pomar', '1996-04-17', FALSE),
(3057755, 'Kevin', 'Kevin', 'Correa', NULL, '2004-09-30', TRUE),
(7056436, 'Thiago', NULL, 'Kirchner', 'Cripto', '1952-02-17', TRUE),
(1013099, 'Norma', 'Verónica', 'Kojima', 'Acevedo', '1926-04-28', TRUE),
(7783873, 'Nahuel', NULL, 'Silla', 'Flores', '1948-04-16', FALSE),
(7522701, 'Teo', 'Marcos', 'Flores', NULL, '2019-06-15', FALSE),
(3850629, 'Arturo', NULL, 'Silla', 'Pomar', '1938-09-05', FALSE),
(3569772, 'Ismael', 'Gastón', 'Rodríguez', 'Mesa', '1968-10-17', FALSE),
(7960024, 'Renzo', NULL, 'López', 'Sánchez', '1950-03-06', TRUE),
(1548703, 'Josefina', 'Bianca', 'Correa', NULL, '2016-11-25', FALSE),
(6876711, 'Inés', 'Yamila', 'Silla', 'Torvalds', '1964-08-07', TRUE),
(2984311, 'Melina', 'Lucía', 'Bonaventura', 'Rodríguez', '1954-06-19', FALSE),
(4571115, 'Tamara', 'Bianca', 'Camión', 'Acevedo', '2002-07-29', FALSE),
(4091842, 'Mirta', 'Aitana', 'Silla', 'Correa', '1964-11-04', TRUE),
(5647706, 'Mónica', 'Genyfer', 'Sativa', 'Saldaño', '1973-05-26', TRUE),
(1425086, 'Carlos', 'Iván', 'Torres', 'Acevedo', '2022-06-23', FALSE),
(1536916, 'Silvana', NULL, 'Pérez', 'Gómez', '1996-05-14', TRUE),
(1199700, 'Jimena', 'Ailén', 'Pomar', 'Kojima', '1954-10-20', TRUE),
(5198563, 'Sara', 'Brenda', 'Acevedo', 'Mesa', '1987-11-19', TRUE),
(7764659, 'Camilo', NULL, 'Sativa', 'Cripto', '1946-11-15', TRUE),
(4591711, 'Magalí', NULL, 'Ramírez', 'Torres', '1961-07-25', TRUE),
(2277451, 'Leonardo', 'Pablo', 'Sánchez', NULL, '1999-04-19', FALSE),
(4889606, 'Pamela', NULL, 'Ramírez', 'González', '1972-06-09', FALSE),
(1306137, 'Natalia', NULL, 'Torvalds', NULL, '2023-07-14', FALSE),
(7477810, 'Francisco', 'Cristian', 'Gómez', 'Machado', '1942-09-08', TRUE),
(3053189, 'Selena', 'Mariela', 'Sánchez', 'Kojima', '1987-06-30', FALSE),
(3400977, 'Aitana', 'Martina', 'Pérez', 'Pomar', '1945-08-22', TRUE),
(5919323, 'Cecilia', 'Ana', 'Bonaventura', 'Kirchner', '1974-12-16', FALSE),
(6911395, 'Facundo', 'Valentín', 'González', 'Acero', '1983-09-13', TRUE),
(2381727, 'Alicia', 'Viviana', 'Ramírez', NULL, '1942-11-23', TRUE),
(2346055, 'Romina', 'Beatriz', 'González', 'De León', '1981-03-13', FALSE),
(5258904, 'Josefina', 'Candelaria', 'Saldaño', 'Kirchner', '1995-05-21', FALSE),
(1987327, 'Ailén', NULL, 'Machado', 'De León', '1995-04-12', FALSE),
(3024679, 'Tobías', 'Luis', 'De la Pradera Cálida', 'Torres', '1969-02-08', FALSE),
(6055128, 'Florencia', 'Raquel', 'Gómez', 'De la Pradera Cálida', '1961-06-05', FALSE),
(7758179, 'Bárbara', NULL, 'Torvalds', 'De Luque', '1962-02-09', TRUE),
(1788327, 'Enzo', NULL, 'Flores', 'González', '2025-02-07', TRUE),
(4200231, 'Emilia', 'Inés', 'Pérez', NULL, '1939-03-27', TRUE),
(1054711, 'Martín', 'Federico', 'Saldaño', 'Pérez', '1954-02-27', TRUE),
(5827998, 'Manuel', 'Orlando', 'Bonaventura', 'Castillo', '2001-05-03', TRUE),
(6763151, 'Elena', NULL, 'Kojima', NULL, '2001-08-13', TRUE),
(4960947, 'Julieta', NULL, 'Machado', NULL, '1956-04-25', FALSE),
(5990719, 'Javier', 'Cristian', 'De la Pradera Cálida', 'Camión', '1975-09-28', FALSE),
(2042716, 'Axel', 'Luis', 'Torvalds', NULL, '2003-05-21', FALSE),
(4551386, 'Graciela', 'Patricia', 'Acero', NULL, '2024-06-19', TRUE),
(6142455, 'Mauro', 'Emmanuel', 'De León', NULL, '1974-05-08', FALSE),
(7559609, 'Gastón', 'Tobías', 'Saldaño', 'Castillo', '1937-06-05', TRUE),
(2911582, 'Axel', NULL, 'Mesa', NULL, '1975-01-28', TRUE),
(1662628, 'Enzo', NULL, 'Sánchez', NULL, '2014-02-12', FALSE),
(7928684, 'Renata', NULL, 'González', NULL, '2007-02-04', FALSE),
(6668594, 'Sofía', 'Marta', 'Martínez', 'Rodríguez', '1974-05-04', TRUE),
(2526129, 'Andrés', NULL, 'De la Pradera Cálida', 'Ramírez', '2003-04-27', FALSE),
(4405323, 'Eugenia', 'Irene', 'Silla', NULL, '1974-06-18', TRUE),
(4548877, 'Lorena', NULL, 'Cripto', NULL, '1928-06-18', FALSE),
(2791193, 'Fátima', NULL, 'Saldaño', NULL, '1938-02-13', TRUE),
(1026319, 'Mateo', 'Esteban', 'Cripto', 'Torres', '1984-03-03', FALSE),
(4868135, 'Javier', 'Felipe', 'Gómez', 'González', '1982-01-13', TRUE),
(1256819, 'María', 'Zoe', 'De León', 'Torres', '1933-01-21', FALSE),
(7662748, 'Germán', 'Joni', 'Ramírez', 'Milei', '1936-10-19', TRUE),
(1690473, 'Valentina', 'Juliana', 'De la Pradera Cálida', 'González', '1987-10-29', FALSE),
(5670506, 'Vanesa', NULL, 'López', 'Mesa', '2005-12-01', TRUE),
(2900075, 'Sebastián', 'Rubén', 'Pomar', NULL, '1964-12-20', FALSE),
(6466596, 'Carlos', NULL, 'Pérez', 'Torres', '2015-12-21', FALSE),
(3546716, 'Alfonso', 'Carlos', 'De la Pradera Cálida', 'Sativa', '1973-04-02', FALSE),
(2785873, 'Nadia', NULL, 'Torvalds', 'Camión', '1972-09-15', FALSE),
(6684131, 'Ariana', NULL, 'Sánchez', 'Pomar', '1975-11-12', TRUE),
(5103081, 'Patricia', 'Jolanda', 'Kojima', 'Saldaño', '1944-06-20', TRUE),
(1464552, 'Baltasar', 'Ulises', 'Machado', 'De Luque', '1957-06-24', TRUE),
(5932166, 'Hugo', 'Walter', 'Kojima', NULL, '1961-03-13', FALSE),
(6513340, 'Sergio', 'Matias', 'Torres', 'Kirchner', '2010-02-24', FALSE),
(3857580, 'Valentina', 'Guadalupe', 'Pérez', NULL, '1975-04-28', FALSE),
(7869500, 'Jimena', 'Vanesa', 'Sativa', 'Rodríguez', '1936-10-24', FALSE),
(5157714, 'Emilia', NULL, 'De la Pradera Cálida', 'Ramírez', '1982-04-21', FALSE),
(4671005, 'Teresa', 'Ailén', 'De la Pradera Cálida', 'González', '1945-04-16', TRUE),
(5405181, 'Lorena', 'Malena', 'Silla', NULL, '1938-09-03', TRUE),
(2916695, 'Salvador', 'Mateo', 'Rodríguez', 'Silla', '1967-03-25', TRUE),
(5638945, 'Adolfo', 'Daniel', 'Kojima', 'Torvalds', '2015-09-17', FALSE),
(5700588, 'Inés', 'Ariadna', 'Rodríguez', 'Machado', '1992-07-26', FALSE),
(2405522, 'Armando', 'Mauricio', 'Silla', NULL, '1981-10-07', TRUE),
(2177688, 'Diego', NULL, 'González', 'Kirchner', '1961-01-31', TRUE),
(5721596, 'Milagros', NULL, 'González', 'Camión', '2022-04-02', TRUE),
(6199342, 'Patricia', 'Serena', 'Saldaño', 'Torres', '1991-10-30', FALSE),
(1578528, 'Noelia', NULL, 'Castillo', 'Kojima', '1995-03-25', TRUE),
(1165573, 'Paula', 'Lidia', 'Torvalds', 'Kojima', '1941-04-15', TRUE),
(2683662, 'Orlando', 'Luis', 'González', NULL, '1976-01-09', FALSE),
(5976812, 'Milagros', 'Daniela', 'Kirchner', NULL, '1945-04-20', FALSE),
(3117665, 'Juan', 'Hernán', 'Rodríguez', 'Kirchner', '1993-02-06', TRUE),
(7965032, 'Franco', 'Ignacio', 'Pomar', NULL, '1927-01-13', FALSE),
(2259221, 'Javier', NULL, 'Pérez', 'Camión', '1929-12-07', FALSE),
(3838680, 'Consuelo', 'Fátima', 'De la Pradera Cálida', NULL, '2012-03-05', TRUE),
(5428056, 'Santiago', 'Jacobo', 'Bonaventura', 'Kirchner', '1988-01-17', TRUE),
(3538732, 'Ana', NULL, 'Torres', NULL, '1955-07-16', TRUE),
(4904336, 'Rubén', 'Axel', 'Martínez', 'Acero', '1942-11-18', FALSE),
(7808280, 'Adrián', 'Joshua', 'Sánchez', 'De León', '1974-10-29', FALSE),
(5497080, 'Rocío', NULL, 'Acero', 'González', '1964-03-15', FALSE),
(3516345, 'Jolanda', NULL, 'Mesa', 'Camión', '1941-07-06', TRUE),
(1238795, 'Selena', NULL, 'Torres', 'Kirchner', '1955-08-12', FALSE),
(4030959, 'Lautaro', NULL, 'Silla', 'Flores', '1980-08-03', FALSE),
(2529222, 'Rodrigo', NULL, 'De León', 'Pérez', '1953-06-06', FALSE),
(6058043, 'Patricia', 'Gabriela', 'Bonaventura', 'De León', '2008-04-12', FALSE),
(3930020, 'Lautaro', 'Arturo', 'Pomar', NULL, '1964-12-03', FALSE),
(4948962, 'Maximiliano', 'Fabián', 'Ramírez', NULL, '2021-12-22', TRUE),
(5421851, 'Leonardo', NULL, 'De Luque', NULL, '1972-04-06', FALSE),
(6380290, 'César', NULL, 'Flores', NULL, '1980-09-09', FALSE),
(4425767, 'Valentino', NULL, 'Pérez', 'Sánchez', '2001-01-04', TRUE),
(1808759, 'Bruno', NULL, 'Cripto', 'Castillo', '2016-08-29', TRUE),
(7774518, 'Adolfo', NULL, 'Pomar', 'Silla', '1959-12-07', FALSE),
(6328147, 'Valentina', NULL, 'Kojima', 'Sativa', '1957-07-20', FALSE),
(5697809, 'Antonella', NULL, 'López', NULL, '1993-08-26', TRUE),
(7279250, 'Melisa', NULL, 'Camión', 'Saldaño', '1956-11-08', TRUE),
(2842589, 'Pamela', NULL, 'Pomar', 'Milei', '2004-04-12', TRUE),
(3151225, 'Miguel', NULL, 'Bonaventura', 'Pomar', '1973-07-16', TRUE),
(1158422, 'Marta', NULL, 'Gómez', 'Camión', '1932-11-03', TRUE),
(7001235, 'Raúl', 'Juan', 'Bonaventura', 'Sánchez', '1947-06-04', FALSE),
(7084697, 'Martina', 'Celeste', 'Bonaventura', 'Saldaño', '1950-04-18', TRUE),
(4919006, 'Walter', NULL, 'Mesa', 'Ramírez', '2009-12-20', TRUE),
(6242156, 'Valentino', 'Mauro', 'Rodríguez', NULL, '1985-08-12', FALSE),
(4530857, 'Benjamín', NULL, 'Rodríguez', NULL, '1995-11-16', TRUE),
(5377423, 'Alan', 'Mateo', 'Kojima', 'Correa', '1943-02-12', FALSE),
(4993365, 'Estefanía', 'Milagros', 'De León', NULL, '1932-06-12', FALSE),
(6205610, 'Viviana', NULL, 'López', NULL, '1956-04-09', TRUE),
(3417225, 'Fabián', 'Ulises', 'Sánchez', 'Pomar', '2005-08-03', FALSE),
(3318278, 'Alan', NULL, 'Saldaño', 'Silla', '1947-09-18', FALSE),
(7659617, 'Nicolás', NULL, 'Saldaño', 'Flores', '2009-11-04', FALSE),
(4194869, 'Lucía', NULL, 'De la Pradera Cálida', NULL, '2015-12-23', TRUE),
(5947299, 'Ivana', 'Ailén', 'López', 'Mesa', '1960-05-26', TRUE),
(5522495, 'Mónica', 'Mía', 'Milei', 'Sánchez', '2014-01-05', TRUE),
(7062051, 'Julieta', 'Bianca', 'Pérez', 'González', '2004-08-06', TRUE),
(4614196, 'Brisa', 'Mía', 'Kirchner', 'Gómez', '1980-05-27', FALSE),
(3138821, 'Fabián', 'Facundo', 'Acero', 'Martínez', '2011-10-25', TRUE),
(3170859, 'Orlando', NULL, 'Milei', 'Acero', '1977-03-22', TRUE),
(2174650, 'Agueda', NULL, 'Gómez', 'Pomar', '2010-02-14', TRUE),
(3854478, 'Germán', 'Esteban', 'Correa', 'De León', '2015-08-20', TRUE),
(6582501, 'Ulises', 'Dante', 'Milei', 'Milei', '1952-10-29', FALSE),
(6157174, 'Alicia', NULL, 'López', 'López', '1991-11-26', TRUE),
(4909840, 'Selena', 'Irene', 'Kirchner', NULL, '2000-11-30', TRUE),
(2787917, 'Mathias', 'Santiago', 'Gómez', NULL, '1994-06-03', TRUE),
(6715748, 'Fernanda', 'Melisa', 'Gómez', 'Pomar', '2003-08-04', TRUE),
(4944604, 'Orlando', NULL, 'Ramírez', NULL, '1934-10-22', FALSE),
(5081200, 'Agustina', 'Juliana', 'Acevedo', 'Torres', '2006-07-24', FALSE),
(4367318, 'Andrea', 'Julieta', 'González', 'Mesa', '1944-08-08', FALSE),
(4484035, 'Silvana', 'Aldana', 'De la Pradera Cálida', 'Camión', '1939-09-13', TRUE),
(3823350, 'Vanesa', NULL, 'Milei', 'Acevedo', '1930-09-29', FALSE),
(7990423, 'Juan', 'Nicolás', 'Kojima', 'Kojima', '2011-02-22', TRUE),
(3915767, 'María', 'Candelaria', 'González', NULL, '1976-06-12', TRUE),
(5117853, 'Brashan', NULL, 'Saldaño', NULL, '1958-12-03', TRUE),
(4185986, 'Walter', NULL, 'Saldaño', 'Castillo', '1939-01-02', FALSE),
(5198466, 'Dante', 'Agustín', 'Silla', 'Milei', '1974-02-02', TRUE),
(4968966, 'Silvia', 'Natalia', 'Martínez', 'Pomar', '2018-09-09', FALSE),
(3894574, 'Fernando', NULL, 'Pérez', NULL, '1949-11-14', TRUE),
(1005568, 'Sofía', 'Marta', 'Acevedo', 'Machado', '1958-09-25', FALSE),
(2652283, 'Nicolás', 'Esteban', 'Kojima', 'De la Pradera Cálida', '2024-03-28', FALSE),
(6753152, 'Rafael', 'Daniel', 'Castillo', 'Pérez', '1961-06-07', FALSE),
(1354935, 'Daniel', NULL, 'Kirchner', 'Machado', '1936-04-09', FALSE),
(7583519, 'Facundo', NULL, 'Kojima', 'De la Pradera Cálida', '1984-08-29', FALSE),
(6146530, 'Natalia', NULL, 'Pérez', NULL, '2014-10-11', FALSE),
(6671813, 'Maximiliano', 'Walter', 'Martínez', 'López', '1936-02-01', TRUE),
(1150232, 'Ana', 'Ivana', 'Castillo', NULL, '2000-01-19', FALSE),
(3724055, 'Marisol', NULL, 'Mesa', NULL, '1932-09-26', TRUE),
(6510249, 'Fernanda', 'Sofía', 'Rodríguez', 'Silla', '1943-08-17', TRUE),
(7914968, 'Sara', 'Elena', 'Milei', 'Martínez', '1989-09-11', TRUE),
(7951155, 'Catalina', 'Gabriela', 'Pérez', 'De Luque', '1954-10-17', TRUE),
(4757545, 'Mara', 'Lorena', 'Acevedo', NULL, '1925-11-29', FALSE),
(3724188, 'Mónica', NULL, 'De Luque', NULL, '2009-06-29', TRUE),
(2094260, 'Natalia', 'Aitana', 'Pomar', 'Camión', '2003-04-19', TRUE),
(3891574, 'Adrián', 'Alfonso', 'González', 'Silla', '2013-05-14', TRUE),
(5438202, 'Rocío', 'Rosa', 'Sativa', 'Pérez', '1938-06-09', TRUE),
(7817532, 'Teo', 'Alfonso', 'Kirchner', 'Pérez', '2018-07-31', FALSE),
(5481757, 'Mercedes', 'Mónica', 'Cripto', NULL, '1952-09-29', TRUE),
(6611126, 'Jacobo', NULL, 'González', 'Acevedo', '1948-10-27', TRUE),
(5564306, 'Ailén', 'Renata', 'Martínez', 'De la Pradera Cálida', '1952-11-29', TRUE),
(7585861, 'Luz', 'Marisol', 'Acevedo', 'Gómez', '1945-09-03', FALSE),
(5421459, 'Celeste', 'Marisol', 'López', 'López', '2018-07-29', TRUE),
(1978970, 'Sebastián', 'Javier', 'Sativa', 'Torres', '1961-10-16', FALSE),
(7004644, 'Pablo', 'Adolfo', 'Torvalds', 'Correa', '1958-06-10', FALSE),
(1478421, 'Emmanuel', NULL, 'Kojima', 'González', '2023-02-09', FALSE),
(6459669, 'Mirta', NULL, 'Torvalds', 'Kojima', '2019-08-29', TRUE),
(3263410, 'Valentín', 'Thiago', 'Kojima', NULL, '1964-10-25', TRUE),
(6428398, 'Julieta', 'Jessica', 'Silla', 'Mesa', '2006-10-18', TRUE),
(2363317, 'Melina', NULL, 'Mesa', 'Pérez', '1950-10-11', TRUE),
(1380601, 'Andrés', NULL, 'Mesa', 'Sánchez', '2014-03-09', TRUE),
(3019850, 'Hugo', NULL, 'De Luque', 'Sativa', '2017-01-28', FALSE),
(2123725, 'Fernanda', NULL, 'Pérez', NULL, '1995-06-13', FALSE),
(2264490, 'Gustavo', 'Miguel', 'Flores', 'Pomar', '1985-06-19', TRUE),
(3317134, 'Daniela', NULL, 'Bonaventura', 'Kirchner', '1984-10-20', TRUE),
(3031590, 'Wilfredo', NULL, 'Bonaventura', 'Rodríguez', '1978-05-30', TRUE),
(6659123, 'Jessica', 'Eugenia', 'Milei', 'Martínez', '1967-09-05', FALSE),
(7481288, 'Bruno', 'Walter', 'Kirchner', 'Torvalds', '1929-01-08', TRUE),
(7436032, 'Wilfredo', 'Mariano', 'Cripto', 'Gómez', '1977-11-07', FALSE),
(2342479, 'Daniel', 'Baltasar', 'Ramírez', NULL, '1966-11-15', TRUE),
(2337470, 'Alejandro', 'Samuel', 'Flores', NULL, '1976-05-18', FALSE),
(2317371, 'Nicolás', 'Iván', 'Bonaventura', 'Rodríguez', '1991-02-05', FALSE),
(1270757, 'Elena', 'Vanesa', 'De León', 'Camión', '1927-07-21', TRUE),
(7032751, 'Silvia', NULL, 'Pomar', NULL, '1990-11-06', FALSE),
(4864678, 'Zoe', NULL, 'López', 'Bonaventura', '1996-09-25', FALSE),
(2957286, 'Alejandro', 'Maximiliano', 'Flores', NULL, '2000-07-13', TRUE),
(1149607, 'Wilfredo', 'Facundo', 'Flores', 'Kojima', '1949-12-09', FALSE),
(5572209, 'Agustina', 'Jimena', 'Mesa', 'López', '2001-06-20', FALSE),
(4023485, 'Leandro', NULL, 'Machado', 'Flores', '1968-09-27', TRUE),
(5370847, 'Federico', NULL, 'Mesa', 'Kirchner', '2024-02-04', TRUE),
(1834906, 'Ramiro', 'Samuel', 'De Luque', NULL, '2011-07-19', TRUE),
(2980134, 'Franco', 'Baltasar', 'González', 'Acero', '1944-08-12', TRUE),
(3753036, 'Alicia', 'Magalí', 'De León', 'González', '2019-08-11', FALSE),
(2131938, 'Aldana', NULL, 'Pérez', NULL, '1949-06-18', FALSE),
(4210349, 'Yamila', 'Marisol', 'Kirchner', NULL, '1975-09-14', TRUE),
(7115774, 'Luz', 'Emilia', 'Bonaventura', 'Machado', '1978-02-09', FALSE),
(1060269, 'Verónica', 'Nuria', 'Gómez', NULL, '1955-05-21', TRUE),
(1354715, 'Mathias', 'Emmanuel', 'Pomar', 'Mesa', '1927-01-27', FALSE),
(7708311, 'Victoria', 'Pamela', 'Saldaño', 'Kojima', '2013-07-21', FALSE),
(4739007, 'Agueda', 'María', 'Gómez', 'De León', '1948-08-14', FALSE),
(5445618, 'Baltasar', 'Joshua', 'González', 'Ramírez', '1993-02-21', FALSE),
(5538669, 'Vicente', 'Yago', 'Sativa', 'De la Pradera Cálida', '1969-08-06', TRUE),
(4622482, 'Mariano', NULL, 'Gómez', NULL, '1997-08-15', TRUE),
(2977413, 'Alan', 'Jorge', 'Acero', 'Correa', '1969-01-16', FALSE),
(6465993, 'Norma', 'Aurelia', 'Torvalds', NULL, '1957-01-13', TRUE),
(6810849, 'Ivana', 'Andrea', 'Saldaño', 'Torvalds', '1995-03-12', FALSE),
(4899931, 'Agustina', NULL, 'Mesa', 'Torres', '1938-07-10', TRUE),
(1308461, 'Sandra', NULL, 'Saldaño', 'Pérez', '1989-06-01', FALSE),
(5878163, 'Mía', NULL, 'Sánchez', 'Sativa', '1971-10-18', TRUE),
(1181400, 'Iván', NULL, 'Sativa', 'De Luque', '1965-08-16', FALSE),
(1744586, 'Yamila', NULL, 'Rodríguez', 'Cripto', '2008-03-23', FALSE),
(5224361, 'Celeste', 'Leticia', 'Kirchner', NULL, '1946-05-12', TRUE),
(1739931, 'Luciano', 'Jacobo', 'De la Pradera Cálida', NULL, '1935-01-02', FALSE),
(5307786, 'Federico', 'Damián', 'Mesa', 'Sánchez', '1941-01-25', FALSE),
(5569780, 'Brenda', 'Elena', 'Torvalds', NULL, '1954-05-11', TRUE),
(3145374, 'Juan', 'Leonardo', 'Torvalds', NULL, '1968-09-22', TRUE),
(1815343, 'Mónica', NULL, 'De León', 'De Luque', '1942-03-29', TRUE),
(2702589, 'Ismael', NULL, 'De León', 'Sativa', '1950-07-09', TRUE),
(2435145, 'Raquel', 'Ivana', 'Torres', 'Torvalds', '2025-02-16', FALSE),
(3638976, 'Aitana', NULL, 'Milei', 'Castillo', '1982-09-03', TRUE),
(1375068, 'Victoria', NULL, 'Kirchner', 'Torvalds', '1953-04-19', FALSE),
(7432650, 'Andrea', 'Mara', 'Mesa', 'López', '1930-08-09', TRUE),
(1430562, 'Sergio', 'Patricio', 'Cripto', 'Correa', '1955-05-22', FALSE),
(1521915, 'Wilfredo', 'Jacobo', 'Pérez', 'Camión', '1970-12-21', TRUE),
(4701651, 'Sara', 'Ivana', 'Silla', NULL, '2007-03-21', TRUE),
(1602721, 'Pamela', 'Vanesa', 'Sánchez', NULL, '1986-03-11', FALSE),
(3915362, 'Benjamín', NULL, 'Martínez', NULL, '1958-05-31', FALSE),
(4695895, 'Emmanuel', 'Alberto', 'Ramírez', 'Machado', '1964-10-25', FALSE),
(3891603, 'Arturo', NULL, 'Machado', 'Cripto', '1971-09-04', TRUE),
(6960123, 'María', 'Valentina', 'Pérez', 'Kirchner', '1957-09-14', FALSE),
(7619468, 'Guillermo', NULL, 'Mesa', 'Correa', '1997-03-09', FALSE),
(5414443, 'Mara', 'Clara', 'Torres', 'González', '1961-03-31', TRUE),
(3679481, 'Ricardo', 'Fabián', 'Milei', 'Sativa', '2004-07-23', TRUE),
(2178896, 'Lucas', NULL, 'Sánchez', NULL, '1979-08-28', FALSE),
(6369657, 'Benjamín', NULL, 'Machado', 'Flores', '1970-09-29', TRUE),
(1884717, 'Emiliano', NULL, 'Cripto', NULL, '1978-07-17', FALSE),
(7110395, 'Aurelia', 'Andrea', 'Camión', 'Bonaventura', '1932-07-07', TRUE),
(5845578, 'Ricardo', 'Jorge', 'Cripto', 'Martínez', '2009-11-20', TRUE),
(1960266, 'Sara', 'Melisa', 'Ramírez', 'Mesa', '1998-04-08', TRUE),
(6163652, 'Raúl', NULL, 'Bonaventura', 'De Luque', '1977-11-16', TRUE),
(5556690, 'Brashan', NULL, 'Mesa', 'Ramírez', '1973-09-26', FALSE),
(1893559, 'Josefina', NULL, 'Torres', 'Saldaño', '2005-06-08', FALSE),
(4294530, 'Elías', NULL, 'De la Pradera Cálida', 'Kojima', '1983-11-04', FALSE),
(2057011, 'Joni', 'Matias', 'Kojima', NULL, '2011-05-24', TRUE),
(4391502, 'Esteban', 'Facundo', 'López', 'Cripto', '1941-10-28', FALSE),
(1839573, 'Paula', 'Mercedes', 'Sativa', NULL, '1972-07-05', TRUE),
(4828870, 'Camilo', NULL, 'Pérez', NULL, '2011-03-01', FALSE),
(2087201, 'Wilfredo', NULL, 'Torres', NULL, '1956-07-01', FALSE),
(5462989, 'Melisa', NULL, 'González', NULL, '1976-05-03', TRUE),
(5000933, 'Joaquín', 'Santiago', 'Torvalds', 'Kirchner', '1997-01-30', TRUE),
(2227453, 'Omar', NULL, 'Pérez', NULL, '1984-01-10', TRUE),
(6582318, 'Vanesa', 'Lorena', 'De León', NULL, '1975-03-22', TRUE),
(5294093, 'Fabián', 'Ernesto', 'Saldaño', 'López', '2000-01-28', TRUE),
(4073424, 'Violeta', 'Abril', 'Bonaventura', NULL, '1991-01-26', FALSE),
(2872836, 'Francisco', 'Mariano', 'De la Pradera Cálida', 'López', '1942-08-05', TRUE),
(3295593, 'Miguel', 'Kevin', 'Cripto', 'Flores', '1928-05-09', FALSE),
(3246213, 'Mauro', 'Ismael', 'López', 'González', '1927-06-30', TRUE),
(7203872, 'Melisa', 'Romina', 'Torvalds', NULL, '1942-11-14', TRUE),
(5594907, 'Lucía', 'Rosa', 'Silla', NULL, '1990-06-21', FALSE),
(3765501, 'Irene', 'Romina', 'Ramírez', 'Pomar', '1976-03-05', TRUE),
(5693827, 'Juliana', 'Graciela', 'Ramírez', 'Pérez', '1999-08-04', TRUE),
(3688827, 'Fabián', NULL, 'Milei', 'Martínez', '1964-06-10', FALSE),
(1366257, 'Rafael', 'Benjamín', 'López', NULL, '1959-04-04', FALSE),
(4187854, 'Irene', NULL, 'Torvalds', 'Mesa', '2025-05-04', TRUE),
(4007963, 'Pilar', 'Rosa', 'Sánchez', 'Castillo', '1951-09-21', TRUE),
(7424705, 'Fernanda', 'Celeste', 'Machado', 'Sativa', '1937-03-07', FALSE),
(6274504, 'Leandro', 'Patricio', 'Castillo', 'Sativa', '1939-08-05', TRUE),
(4803864, 'Cecilia', NULL, 'Rodríguez', 'Torres', '1979-12-04', FALSE),
(2563524, 'Sergio', NULL, 'Torres', 'Machado', '1939-03-25', TRUE),
(6065344, 'Orlando', 'Miguel', 'Torres', 'Castillo', '1996-06-22', TRUE),
(5370134, 'Paula', 'Leticia', 'Kojima', NULL, '1942-11-20', TRUE),
(2099350, 'Ailén', 'Mía', 'Acero', NULL, '1987-05-26', TRUE),
(3729866, 'Elena', 'Antonella', 'Torvalds', 'Mesa', '1958-06-20', TRUE),
(7265902, 'Tamara', 'Ariana', 'Pomar', 'Kirchner', '1992-11-12', FALSE),
(1590000, 'Diego', 'Carlos', 'Kojima', 'Milei', '1985-11-14', FALSE),
(1947863, 'Andrea', NULL, 'Flores', 'González', '1990-01-26', FALSE),
(1804701, 'Esteban', 'Damián', 'Flores', 'Cripto', '1995-11-14', FALSE),
(5345922, 'Camilo', 'Andrés', 'Flores', 'Cripto', '1964-09-13', FALSE),
(7760549, 'Magalí', 'Patricia', 'De León', 'Torres', '1987-09-06', FALSE),
(7828893, 'Norma', 'Verónica', 'Saldaño', NULL, '1944-04-09', FALSE),
(7909503, 'Ariadna', NULL, 'Martínez', 'Torvalds', '2012-03-13', FALSE),
(6753547, 'Javier', 'Oscar', 'De León', NULL, '1982-08-19', FALSE),
(6203318, 'María', 'Verónica', 'Sánchez', NULL, '1940-07-09', TRUE),
(4247452, 'Armando', 'Mauricio', 'Machado', 'Acevedo', '2002-06-08', TRUE),
(2300472, 'Joshua', 'Baltasar', 'Castillo', NULL, '1931-08-08', FALSE),
(1814183, 'Romina', 'Isabela', 'De León', NULL, '1933-02-13', FALSE),
(4596929, 'Sebastián', 'Benjamín', 'Silla', 'Correa', '2007-01-30', TRUE),
(3404870, 'Rosa', 'Aldana', 'Mesa', 'Castillo', '1977-06-10', TRUE),
(3553482, 'Valentino', NULL, 'Cripto', NULL, '2010-10-16', TRUE),
(4652115, 'Candelaria', 'Silvia', 'Cripto', 'Acevedo', '1938-02-25', TRUE),
(1630820, 'Lidia', 'Aurelia', 'Sánchez', 'Kirchner', '1928-07-10', FALSE),
(1962332, 'Alfonso', 'Marcos', 'Pérez', 'Sánchez', '2014-01-24', TRUE),
(6975667, 'Luciano', 'Dante', 'Torvalds', 'Camión', '1936-07-22', TRUE),
(5253116, 'Ismael', 'Julio', 'Torvalds', NULL, '2003-11-01', TRUE),
(2644629, 'Leticia', NULL, 'Silla', 'Rodríguez', '1936-01-15', FALSE),
(5150428, 'Brenda', NULL, 'Torres', 'Ramírez', '1984-04-22', TRUE),
(4515848, 'Sebastián', 'Mauricio', 'De la Pradera Cálida', NULL, '1988-03-13', TRUE),
(4865443, 'Hernán', NULL, 'Flores', 'Pérez', '1959-01-16', FALSE),
(4580213, 'Leticia', NULL, 'Camión', 'Gómez', '2009-04-09', TRUE),
(7782499, 'Ariana', 'Melina', 'Milei', 'Correa', '1933-02-26', FALSE),
(3422548, 'Leandro', NULL, 'Correa', 'Martínez', '1969-05-16', TRUE),
(2032877, 'Estefanía', NULL, 'Sativa', NULL, '2024-04-17', TRUE),
(1217877, 'Sebastián', NULL, 'Martínez', 'Pomar', '1995-02-13', TRUE),
(2848220, 'Mauricio', NULL, 'Ramírez', 'De Luque', '1930-03-24', FALSE),
(7573184, 'Joaquín', NULL, 'Ramírez', 'Machado', '1948-08-05', TRUE),
(3691008, 'Nuria', NULL, 'Flores', 'Acevedo', '2022-04-09', FALSE),
(6097976, 'Nicolás', 'Guillermo', 'De la Pradera Cálida', NULL, '1970-09-30', FALSE),
(3153388, 'Maximiliano', 'Mauro', 'López', 'Sativa', '1935-07-08', FALSE),
(7514805, 'Manuel', 'Ulises', 'Acero', 'Milei', '1944-07-23', FALSE),
(5753569, 'Yago', NULL, 'Kojima', 'Mesa', '2025-02-25', FALSE),
(4948688, 'Mathias', 'Fernando', 'Pomar', NULL, '1970-10-23', TRUE),
(1822491, 'Josefina', 'Mía', 'Gómez', NULL, '2006-07-20', FALSE);

-- Ciudadano_CredencialCivica

INSERT INTO Ciudadano_CredencialCivica (ciudadano_id, credencial_civica) VALUES
(1827163, 'KFI05023'),
(4507696, 'UJH24703'),
(1222283, 'JFU04778'),
(7986813, 'NPZ52301'),
(1845256, 'HXX06011'),
(2781068, 'JOY37089'),
(7539090, 'WIV96132'),
(7060160, 'CLA59659'),
(7926458, 'JDA27919'),
(2316040, 'ZGH41812'),
(7572602, 'OSU99280'),
(6537736, 'WRP54928'),
(1541440, 'QPT22067'),
(7008087, 'DTT94125'),
(1483639, 'YTF44940'),
(7023454, 'FJF21868'),
(6104036, 'ULN99663'),
(7893792, 'AOC71918'),
(5930847, 'PEX96620'),
(2041575, 'BDG28924'),
(2381814, 'RIV55989'),
(4365631, 'XEW25407'),
(4630459, 'UUC99261'),
(3790663, 'DTN03697'),
(7919812, 'ALO97138'),
(1226326, 'WQX83281'),
(2076747, 'RNN84690'),
(1238537, 'OJM56538'),
(4340908, 'CGI52902'),
(1963728, 'ETT29889'),
(2858604, 'OMN29426'),
(7111951, 'CVD42403'),
(6307173, 'ATY17468'),
(1955452, 'DMG07900'),
(1202898, 'LPY70945'),
(7212662, 'AWL50725'),
(4680302, 'IZH39561'),
(7354059, 'ETH14565'),
(3425965, 'EHL39346'),
(6489170, 'VRZ21083'),
(7038258, 'QBN51946'),
(7071999, 'JCH39800'),
(3536723, 'MGK59859'),
(1074862, 'OYD65333'),
(1177978, 'DFF60347'),
(4434426, 'UQF95015'),
(2599961, 'HBG87242'),
(6206561, 'GTZ24087'),
(6980206, 'ZSA67584'),
(4959672, 'ETQ49785'),
(5115904, 'YEM22225'),
(3486895, 'YJK79202'),
(3713942, 'GJY57716'),
(5583738, 'FVP25426'),
(1236181, 'BUJ67247'),
(7835718, 'MRU55986'),
(4863758, 'OXG40676'),
(5933222, 'ISG21408'),
(4946845, 'YSM74598'),
(5458009, 'YCA24264'),
(3634700, 'LWM42970'),
(4931651, 'CIU93525'),
(6948612, 'OLF87882'),
(1302482, 'HNU54306'),
(3979569, 'SJR86065'),
(1539574, 'FDR99541'),
(7806126, 'KEC36256'),
(6198941, 'BBU74818'),
(1614593, 'XBK26253'),
(6531855, 'ORB59860'),
(3813097, 'GYR32664'),
(4109825, 'QTV38054'),
(4633501, 'QXX93466'),
(1336534, 'UJQ71697'),
(2438345, 'IGW51470'),
(6925102, 'IVA96017'),
(7687725, 'GOP75413'),
(6895288, 'IKY31824'),
(7662208, 'DPU14049'),
(2366260, 'IQE93908'),
(3826109, 'CAG16289'),
(6254129, 'WIS95352'),
(7415163, 'RCA75669'),
(6238479, 'HGO06465'),
(5557884, 'LGA79242'),
(6422862, 'NOJ41274'),
(2536048, 'EKH25654'),
(1583704, 'FOK82539'),
(6761856, 'DIC70502'),
(7630750, 'FBD35214'),
(3492062, 'VIU69516'),
(5074644, 'JGT95717'),
(3685355, 'IIS64265'),
(1782721, 'OXV47476'),
(4283486, 'QEJ56270'),
(3787288, 'JBL40046'),
(4402251, 'OBF65235'),
(7557630, 'ITM40185'),
(4077153, 'URP00776'),
(2623443, 'JNR77456'),
(4816031, 'SDV28141'),
(5608845, 'UCL39682'),
(6468765, 'QKC99002'),
(3732335, 'JHF29104'),
(2480980, 'CNK51067'),
(1141667, 'THM08054'),
(1724382, 'LDV75153'),
(1897361, 'LOC04431'),
(1102557, 'GEG04716'),
(3468626, 'LUJ84100'),
(1379304, 'CPJ51898'),
(3508040, 'BYQ46980'),
(5575555, 'ATT08718'),
(3974807, 'NQI69934'),
(5221526, 'SFX91230'),
(7292551, 'NDX45711'),
(6158390, 'APL90447'),
(2374330, 'LUG52343'),
(3597820, 'KEV55215'),
(5322464, 'MQU86538'),
(2078387, 'ZDX05374'),
(7799135, 'ZKW88893'),
(7267483, 'CFW99470'),
(2633634, 'LXP11666'),
(7497130, 'LCA89830'),
(4136279, 'JYY25898'),
(6188997, 'HXB73816'),
(6847845, 'YDQ71384'),
(7859335, 'INB46004'),
(7248920, 'RZU25335'),
(5931332, 'GRD00995'),
(7198964, 'WUU77012'),
(7706102, 'QVY92614'),
(3237782, 'ZVQ70673'),
(1757650, 'QZT35565'),
(6376202, 'PLK86984'),
(4414899, 'BDP68324'),
(3276293, 'CLC63288'),
(5387557, 'UDQ36106'),
(7974795, 'ZRE12763'),
(3850092, 'YLD88807'),
(6819236, 'XAF11180'),
(7405372, 'ZVV86294'),
(2502463, 'AQU21486'),
(7121897, 'WCC45314'),
(6903877, 'GZP62463'),
(3550504, 'OSI00140'),
(1719571, 'YSE16880'),
(3020295, 'GMT31209'),
(2284967, 'TTZ33695'),
(1577942, 'VXB84505'),
(1580943, 'ATO56543'),
(6227422, 'JBP92996'),
(4157863, 'MYC92110'),
(4926756, 'XCQ79536'),
(7180730, 'MML70131'),
(3433303, 'YCH28729'),
(6031480, 'ZOH12825'),
(6498017, 'SSK02578'),
(5865227, 'LHN22725'),
(1400774, 'JNO39506'),
(3350454, 'NRG04661'),
(4410274, 'XNS00187'),
(6791814, 'QZO14921'),
(6824771, 'OEJ35254'),
(6803023, 'TGS85822'),
(2875380, 'MWR81173'),
(4902680, 'YGZ90642'),
(5854717, 'JZK87208'),
(2709286, 'CNW18100'),
(6803216, 'AKR64633'),
(1110745, 'CIP48225'),
(5276206, 'NXN51804'),
(5069287, 'EGK72651'),
(3764715, 'BGB09066'),
(7089315, 'UET68373'),
(5488749, 'HLZ86378'),
(3743199, 'PHQ39907'),
(2596390, 'FVP69191'),
(4080705, 'RPR88067'),
(6633117, 'IWV77965'),
(7250054, 'JVW35831'),
(4182345, 'ELI82243'),
(4628129, 'VSU48417'),
(4782808, 'OAK00761'),
(7497761, 'LHJ85206'),
(5416132, 'TXS77431'),
(6532792, 'YPM18334'),
(2308040, 'HCG86087'),
(4478956, 'UVO69893'),
(1611347, 'KVG32468'),
(6496165, 'NZL10722'),
(4540221, 'HIS95533'),
(4559692, 'NHS15039'),
(4383763, 'RLO76470'),
(4886674, 'FFC29112'),
(4361733, 'KYD69070'),
(5473931, 'GMT97809'),
(7678662, 'TNQ86345'),
(6732671, 'AEA26704'),
(1352989, 'NVJ89719'),
(6561231, 'ZDQ55401'),
(6799510, 'ZQP72326'),
(1249725, 'MLN38721'),
(3769924, 'ACX99349'),
(4200059, 'LMQ59743'),
(7695185, 'EFT30074'),
(4482671, 'ORN81664'),
(4319822, 'AIJ98719'),
(7229524, 'VIH67266'),
(4036736, 'VGY06769'),
(6973341, 'XWK61283'),
(1919604, 'NOA75885'),
(6796439, 'BRL72063'),
(5299423, 'EFM41731'),
(7791668, 'GCR25410'),
(1769392, 'EWA28986'),
(3087894, 'IJB47136'),
(7679820, 'TPU99235'),
(5808622, 'WIM53626'),
(6954458, 'RXZ48647'),
(7662995, 'DWB18519'),
(4338923, 'TNV25937'),
(2212906, 'IEF53270'),
(1456285, 'JPR80757'),
(3512906, 'SJO98155'),
(6575316, 'DPI36086'),
(7066064, 'QGR56335'),
(4579963, 'BVQ10839'),
(3371447, 'WQD27380'),
(4850552, 'XLV21850'),
(7370902, 'RAN00824'),
(7804601, 'FZY14608'),
(6714248, 'AJP19482'),
(6394138, 'MMF77410'),
(4712393, 'CMZ45416'),
(5512165, 'GMH39235'),
(1238724, 'NVI33865'),
(4355799, 'CPQ52510'),
(5610161, 'JFB71843'),
(2314132, 'UQO20708'),
(4862352, 'WBU89308'),
(6408426, 'GLN38466'),
(7595682, 'YYV84597'),
(3174211, 'HYO19017'),
(5773651, 'XQT98983'),
(6876196, 'DYP02663'),
(3439013, 'PWH04478'),
(7023476, 'KYR99327'),
(4283086, 'XVH44707'),
(2185385, 'AOL37132'),
(3560780, 'RZS00353'),
(6045380, 'AGH75510'),
(5579504, 'URN96346'),
(4152425, 'CKN37963'),
(1685782, 'SYE99823'),
(4507359, 'IJH12177'),
(1261163, 'BDB80900'),
(3459570, 'RNX13291'),
(1514609, 'QLY01190'),
(4124969, 'YZB08429'),
(6267069, 'WAB19648'),
(3174419, 'ENU78002'),
(4920778, 'RRY83355'),
(3948580, 'IJP31045'),
(1093002, 'OER22472'),
(1526227, 'KGJ61948'),
(5378364, 'FQL98624'),
(2460779, 'TUC16585'),
(4495012, 'ZLK45508'),
(2319157, 'TEK34736'),
(5495489, 'XGT26285'),
(4365204, 'MVT66337'),
(5328433, 'DJA11509'),
(3024058, 'EDW48308'),
(7331379, 'ARD07530'),
(2953087, 'BMG99563'),
(1468384, 'LNA71297'),
(1245577, 'FXY01486'),
(3717703, 'JFM48970'),
(5277534, 'YXR19924'),
(6761555, 'ILQ62798'),
(7936113, 'YDY37950'),
(6128829, 'CDZ06343'),
(6660858, 'RLL09102'),
(1520730, 'PVM51343'),
(6865624, 'IIL54435'),
(3308511, 'JZH15300'),
(1508720, 'QXZ09967'),
(6047867, 'WSA19207'),
(3092373, 'NPE81570'),
(5668903, 'GDL43665'),
(6381436, 'KLZ17870'),
(4642464, 'TIP90551'),
(1117161, 'TQY37410'),
(3987549, 'NPX40443'),
(5011331, 'JBY30382'),
(5303399, 'AZO01073'),
(7092118, 'ZGB56645'),
(4098022, 'RNI37001'),
(6236078, 'WPX45546'),
(5095488, 'NZD11560'),
(6602304, 'XBR19975'),
(5339465, 'WSH48548'),
(2901844, 'NSL21633'),
(5788556, 'LJD89351'),
(5361784, 'NTB92562'),
(6491585, 'JHM04798'),
(7063468, 'JCS52382'),
(1603174, 'ZWK55954'),
(4659630, 'REA88134'),
(5986759, 'WEN57688'),
(7477746, 'IIT88305'),
(7763123, 'CZE91266'),
(3487989, 'HUR97345'),
(4008446, 'PBC18419'),
(1973559, 'BOH53247'),
(1408666, 'FPP42942'),
(6562716, 'NXR20832'),
(1699295, 'FLZ71235'),
(2024347, 'JZI00159'),
(3037634, 'UPS89186'),
(4153556, 'IQK12039'),
(2225357, 'VFQ18139'),
(6867086, 'GAQ99484'),
(4028731, 'LFC66818'),
(2132954, 'JRW79219'),
(4465601, 'WSM44320'),
(3185443, 'AVY49812'),
(4193038, 'PEM75828'),
(7249162, 'NZZ05313'),
(6701290, 'PBN70165'),
(4544983, 'ZTG31029'),
(6619409, 'DSM06496'),
(1861427, 'CCJ00609'),
(6061484, 'FZG40025'),
(3316832, 'ASB19469'),
(3139954, 'RPI01996'),
(6023271, 'RTL78543'),
(5478520, 'EZS57204'),
(2611607, 'WEU20524'),
(2503081, 'RFS09666'),
(2919787, 'BUW21425'),
(5685465, 'GCL33276'),
(3493881, 'GCT17243'),
(4724871, 'VBK49054'),
(5461575, 'XHO35164'),
(2383151, 'BDG93408'),
(5286485, 'PFZ70710'),
(2296845, 'GOQ40436'),
(2911345, 'VWB13534'),
(3377660, 'ACE52796'),
(6242969, 'GWC78494'),
(5564347, 'BVA28219'),
(7610786, 'PTX61004'),
(4759474, 'QHW31565'),
(6268161, 'TQX43439'),
(5485763, 'CQG71682'),
(7148067, 'RJF42995'),
(7194513, 'VEZ03163'),
(2445532, 'GWD90429'),
(4691668, 'DZU96138'),
(3808413, 'TKE87534'),
(1488254, 'MVV37410'),
(7892708, 'JMC93486'),
(4626134, 'ANY12261'),
(5081838, 'OFK62288'),
(7254701, 'YQX37433'),
(4444158, 'DAQ85676'),
(1981719, 'VHT49678'),
(2658040, 'DXJ28816'),
(4145750, 'JZP07367'),
(1796251, 'ZWR15517'),
(2580900, 'KUU06881'),
(6777459, 'OVI55619'),
(2980237, 'XXN11445'),
(3769609, 'NAP99540'),
(2222204, 'OXO55024'),
(5926535, 'SQM05401'),
(4824712, 'ZBC30295'),
(4414481, 'ISK21981'),
(6558087, 'SZO72587'),
(2777510, 'ZKZ64390'),
(5591132, 'PVE37803'),
(4770623, 'TJV91948'),
(4455446, 'JIF00922'),
(5270771, 'YDW98061'),
(7694570, 'QGR69929'),
(7322469, 'IMI41391'),
(6775875, 'FPG02332'),
(2079208, 'NWL02890'),
(3149366, 'FXP26385'),
(4192687, 'BQI97292'),
(3197415, 'ZMP48968'),
(2188484, 'ZLI97176'),
(2255815, 'PON25155'),
(6417816, 'LLX99194'),
(7248913, 'CJF43485'),
(4622361, 'OQH47877'),
(3421359, 'SDE86217'),
(4851947, 'RZO96878'),
(2593568, 'KEJ49143'),
(3535224, 'QPV83386'),
(1878049, 'ZQV40268'),
(7702660, 'ANP13574'),
(6153637, 'AEN75102'),
(6610343, 'VKX06197'),
(7418562, 'GXG52877'),
(4303310, 'ZBG25030'),
(6285457, 'QZT20270'),
(7650652, 'XXD68221'),
(1187618, 'XHL00587'),
(6376768, 'DGF67055'),
(3482889, 'BFS33966'),
(1768134, 'TTC13258'),
(3992040, 'ISL88570'),
(2351406, 'FET45322'),
(2727134, 'WAU11624'),
(7947675, 'XNF48148'),
(7515038, 'MJN48043'),
(5139154, 'GPM64704'),
(4440297, 'DLU51367'),
(2383414, 'GTF80309'),
(5487324, 'UKF07601'),
(6370664, 'GJI19197'),
(5666899, 'PAK84035'),
(1732030, 'EQU80995'),
(7275445, 'ENC36992'),
(6319074, 'DYZ28265'),
(6108148, 'OAK26166'),
(4748792, 'CXM38093'),
(4874742, 'VOI53921'),
(3229012, 'SVY08815'),
(6122122, 'AEN22293'),
(1743980, 'YPK58671'),
(5283412, 'LTY66649'),
(5794978, 'WGV79478'),
(4409752, 'MZR35555'),
(1758138, 'LST32403'),
(3574082, 'JBV33599'),
(2779717, 'CAT84879'),
(3447822, 'SRU83089'),
(4303098, 'NJW21325'),
(4456826, 'FYJ72991'),
(2618906, 'MAV49164'),
(2176741, 'DCX05649'),
(2142999, 'DFV47535'),
(5340942, 'RMV87803'),
(6662474, 'HBL43609'),
(7830857, 'JOY80748'),
(2244823, 'PQB05852'),
(1531057, 'MGN63635'),
(7465829, 'BYU35153'),
(5553518, 'JLW40783'),
(6450281, 'IYZ55054'),
(2561833, 'LHI01123'),
(1491385, 'OCR57202'),
(2399372, 'MIC84054'),
(7419459, 'QWK73068'),
(2647106, 'KYP08002'),
(7071182, 'LXX11142'),
(2519247, 'HJB80970'),
(1063804, 'PPC21237'),
(2686334, 'LPR27832'),
(6945358, 'ENK19353'),
(4547432, 'FNA87853'),
(5457426, 'YDS85662'),
(2537271, 'BTH52059'),
(4166248, 'VLD09989'),
(1444994, 'QTA02066'),
(2690857, 'AWM32226'),
(6065350, 'FVT78592'),
(1248922, 'OFI51869'),
(4898595, 'VJV91997'),
(2261301, 'HDO41364'),
(7880755, 'WFH92876'),
(1468527, 'QNL20905'),
(4513303, 'FCX40143'),
(4068620, 'ENQ92098'),
(1829556, 'ZIK90242'),
(6413844, 'KHP41985'),
(5902211, 'CYW42441'),
(4543565, 'UFR51352'),
(6242695, 'MUT85301'),
(5428291, 'LPP25966'),
(1918653, 'HTL28070'),
(4260145, 'IDV48743'),
(1398974, 'UTZ00901'),
(7799253, 'DYA94406'),
(7224437, 'TKK61881'),
(5949100, 'EAV86440'),
(4572675, 'AMW24438'),
(2041998, 'SFU49994'),
(7523518, 'UDJ78228'),
(5650428, 'BKP93001'),
(1238588, 'MCI32979'),
(1533227, 'XNE45644'),
(7523586, 'KNH34865'),
(3229401, 'EBN77959'),
(4645005, 'LUR47623'),
(7823274, 'FBX52670'),
(6248444, 'PUX26999'),
(7137731, 'VBJ51845'),
(7059108, 'PYV93919'),
(2841571, 'NWC98894'),
(1850671, 'QRW29571'),
(4988898, 'PXI31399'),
(3180415, 'KXZ94368'),
(4864711, 'SQD46156'),
(7026401, 'KTK53784'),
(2998442, 'DUH63603'),
(1039877, 'SUZ06421'),
(7191138, 'GXD57303'),
(7242650, 'OXF84994'),
(2760026, 'MSZ77906'),
(5424183, 'JLK55397'),
(1911358, 'JZR08858'),
(1044597, 'OLK44826'),
(7638738, 'GDT03670'),
(1791549, 'WHB92352'),
(3177559, 'AAB86351'),
(1315851, 'FPJ74383'),
(2694863, 'JTF95588'),
(6327296, 'UCY37479'),
(2951665, 'ULS49480'),
(3641007, 'XLX96519'),
(6999908, 'ZJY45326'),
(4984951, 'POU65205'),
(7145249, 'DDH17710'),
(7282890, 'LMS47684'),
(2855558, 'PCV56506'),
(1561738, 'FHI68647'),
(1813091, 'SKS44087'),
(6394715, 'BZC06242'),
(2654610, 'ZOO41882'),
(3949176, 'DMH33389'),
(6685409, 'QDN80868'),
(5644771, 'CNI70252'),
(5918538, 'KXR78437'),
(4141943, 'UEF23686'),
(6861361, 'CKN35672'),
(3807413, 'KFC05699'),
(7998546, 'QTJ34530'),
(4611367, 'ARY20626'),
(4593504, 'GOU10153'),
(1131438, 'JRE84093'),
(3243639, 'ELD18878'),
(6806556, 'SFS67903'),
(3654503, 'VSW97886'),
(2765325, 'OQO97379'),
(3667581, 'HYP20582'),
(1439695, 'NOJ96298'),
(7833473, 'XJS43442'),
(3782633, 'DZI04854'),
(7603750, 'GHN41101'),
(7772514, 'TWZ32778'),
(1541653, 'YXM37346'),
(6686568, 'FKO70510'),
(7158256, 'GKO52582'),
(7663623, 'GYO95665'),
(2341729, 'LWC07648'),
(4573210, 'XHY08847'),
(4747938, 'KEG89869'),
(1381400, 'PBH71521'),
(7656439, 'ZDP55252'),
(6811723, 'IBH90964'),
(3704356, 'FFU14476'),
(2711281, 'LAS98860'),
(2272948, 'PBI39935'),
(6572580, 'XKM38554'),
(2208469, 'VWO08268'),
(7306641, 'GYD60647'),
(4858835, 'WTW54723'),
(1156836, 'YLM24788'),
(6565605, 'NZL10162'),
(6460282, 'DBK04631'),
(7840423, 'XXZ38657'),
(6361301, 'WPT59623'),
(1085214, 'SNG02586'),
(7530729, 'VLJ98352'),
(2082689, 'FRI13105'),
(1596909, 'QBW14341'),
(2248921, 'GYW43545'),
(2674322, 'SKP92641'),
(5045806, 'RPV98890'),
(4080707, 'ASQ83707'),
(2229843, 'ZVC93520'),
(5683614, 'BLQ48958'),
(1899105, 'JPZ45564'),
(7678760, 'KCC14698'),
(5331782, 'YKM01464'),
(1674259, 'ZAZ76792'),
(4480816, 'JDK26649'),
(5193981, 'EWB20559'),
(1170184, 'NTO29173'),
(3084775, 'DPD22686'),
(4595324, 'QKN11873'),
(7100166, 'DIZ60385'),
(7284273, 'VUT91707'),
(2143877, 'RHH80813'),
(7950012, 'SUF34562'),
(2411107, 'STQ97569'),
(5015976, 'VXD04587'),
(5106159, 'YOK08814'),
(2162904, 'SJW83690'),
(3126971, 'MAC31591'),
(5102299, 'XMO97472'),
(1716503, 'HSN32581'),
(5121039, 'LOO14404'),
(5692409, 'WAJ68956'),
(5034041, 'CHY47977'),
(6280965, 'XNG38661'),
(3367003, 'QZS46674'),
(7454225, 'HGC96606'),
(6656481, 'XKS02191'),
(5013894, 'UJR89617'),
(4519437, 'OSQ58951'),
(5712782, 'LIP23066'),
(6463287, 'HVC56190'),
(5055713, 'RPQ03794'),
(7436288, 'BXY84321'),
(3312956, 'HUQ83310'),
(7020647, 'KTC95106'),
(6865726, 'CUO50805'),
(7919205, 'MMF16549'),
(3634536, 'IVS40347'),
(4914079, 'BFH96240'),
(2766866, 'QCC38926'),
(5766274, 'PUA57984'),
(2856043, 'TRF34565'),
(4042958, 'PMR62772'),
(1410682, 'KKW04978'),
(1840772, 'PUF79921'),
(1087944, 'LTO50297'),
(7013220, 'WXH23710'),
(6467075, 'ABO47941'),
(1958561, 'VYB26476'),
(3240767, 'WFT84191'),
(6545512, 'SDB28748'),
(3860484, 'SPA04395'),
(2185888, 'HAO52487'),
(5419122, 'MPA14010'),
(7521926, 'BSZ96386'),
(5824522, 'CPM39656'),
(7373043, 'OMD28069'),
(4996396, 'OTL61785'),
(2018515, 'PKM05772'),
(2628161, 'EAT81876'),
(1394935, 'KNC71648'),
(7309914, 'KUH87376'),
(7196214, 'UPR61856'),
(5263675, 'JXR84861'),
(7449788, 'FWD74074'),
(3687728, 'WAQ14325'),
(6567706, 'MWQ78437'),
(4306441, 'VVG75961'),
(5948064, 'BKG90036'),
(4421298, 'DKX28131'),
(6988165, 'RRN91443'),
(7846766, 'QAV92700'),
(2182949, 'RNF24065'),
(4533932, 'HEZ60681'),
(4151926, 'KMG29321'),
(7228648, 'DJT55642'),
(4327264, 'UHD09767'),
(2945311, 'MIX82229'),
(2921787, 'GMH53876'),
(5601349, 'TGC26712'),
(5363563, 'ANL63342'),
(4070973, 'IKR51810'),
(3604672, 'SUT69847'),
(1248365, 'MES21360'),
(2409998, 'ABI88587'),
(2001160, 'TIL74655'),
(2407659, 'BDV29205'),
(6770980, 'VJI62848'),
(5374136, 'PUZ87032'),
(2181213, 'TJK35817'),
(7904450, 'XBQ74282'),
(3057755, 'IBA01784'),
(7056436, 'IUB81761'),
(1013099, 'QJQ33684'),
(7783873, 'RBX71361'),
(7522701, 'KOZ49628'),
(3850629, 'JNI58008'),
(3569772, 'RSL64152'),
(7960024, 'AZY69406'),
(1548703, 'EUM30387'),
(6876711, 'YBI13645'),
(2984311, 'RTY04065'),
(4571115, 'UOV39681'),
(4091842, 'RLC65593'),
(5647706, 'DXN34135'),
(1425086, 'LCJ63831'),
(1536916, 'TGM06390'),
(1199700, 'FID08745'),
(5198563, 'VFW74511'),
(7764659, 'BVW26299'),
(4591711, 'OFF41345'),
(2277451, 'SDX11413'),
(4889606, 'QKS64940'),
(1306137, 'RBW38700'),
(7477810, 'MGR82789'),
(3053189, 'PFL66475'),
(3400977, 'HOJ95285'),
(5919323, 'PAW63565'),
(6911395, 'HHH69455'),
(2381727, 'ZZG19005'),
(2346055, 'QMX25629'),
(5258904, 'NKH82123'),
(1987327, 'YOB75261'),
(3024679, 'NYM34450'),
(6055128, 'QTM10506'),
(7758179, 'SIH13475'),
(1788327, 'NZF50114'),
(4200231, 'WHA83309'),
(1054711, 'ANZ05539'),
(5827998, 'SOE54327'),
(6763151, 'VPZ34934'),
(4960947, 'PUH61041'),
(5990719, 'TJY88911'),
(2042716, 'BHI16162'),
(4551386, 'NHM46415'),
(6142455, 'LSM35073'),
(7559609, 'SSC80951'),
(2911582, 'QXI94490'),
(1662628, 'FKK68732'),
(7928684, 'ZSL89789'),
(6668594, 'IRM83810'),
(2526129, 'BSX14220'),
(4405323, 'VTV29870'),
(4548877, 'LNX40627'),
(2791193, 'AKT39299'),
(1026319, 'TVL33120'),
(4868135, 'DCN59069'),
(1256819, 'QQZ70868'),
(7662748, 'RUM95409'),
(1690473, 'ZON92823'),
(5670506, 'PAO01164'),
(2900075, 'PZE28216'),
(6466596, 'BSY76318'),
(3546716, 'PDG60009'),
(2785873, 'CPY15547'),
(6684131, 'SAJ35331'),
(5103081, 'XQA66491'),
(1464552, 'BLO48215'),
(5932166, 'UXT65466'),
(6513340, 'ODC44462'),
(3857580, 'AQD39977'),
(7869500, 'VOW57604'),
(5157714, 'GZO39550'),
(4671005, 'LIP25753'),
(5405181, 'JQT98989'),
(2916695, 'VGB98967'),
(5638945, 'VZM20819'),
(5700588, 'KTC56852'),
(2405522, 'OTR71864'),
(2177688, 'PXC01322'),
(5721596, 'IOX34537'),
(6199342, 'DXJ78196'),
(1578528, 'LME11508'),
(1165573, 'EEV13325'),
(2683662, 'ZCU06358'),
(5976812, 'XVD29962'),
(3117665, 'XEI12730'),
(7965032, 'EHK55788'),
(2259221, 'DRH94826'),
(3838680, 'VWY95501'),
(5428056, 'EUH99069'),
(3538732, 'SZB56396'),
(4904336, 'WYA40441'),
(7808280, 'TWW93952'),
(5497080, 'YVW97846'),
(3516345, 'CCB22520'),
(1238795, 'WUA44824'),
(4030959, 'XCZ77592'),
(2529222, 'EJA80425'),
(6058043, 'CHN70337'),
(3930020, 'BWT25994'),
(4948962, 'ECU90313'),
(5421851, 'SBW88844'),
(6380290, 'DNC09333'),
(4425767, 'EES58194'),
(1808759, 'OGJ16121'),
(7774518, 'XWC96007'),
(6328147, 'ZJR50020'),
(5697809, 'QKY22091'),
(7279250, 'AYU06766'),
(2842589, 'XJK74849'),
(3151225, 'WAY06119'),
(1158422, 'UUX75997'),
(7001235, 'VFM06162'),
(7084697, 'BYU54960'),
(4919006, 'WTD19370'),
(6242156, 'GGN72461'),
(4530857, 'XAH29922'),
(5377423, 'RDZ70276'),
(4993365, 'RJP06068'),
(6205610, 'MSJ25938'),
(3417225, 'AOH72540'),
(3318278, 'QXN48507'),
(7659617, 'LVL91561'),
(4194869, 'BHC21502'),
(5947299, 'TWO50651'),
(5522495, 'VOI72705'),
(7062051, 'MQI47439'),
(4614196, 'JNK61726'),
(3138821, 'QKU71720'),
(3170859, 'JKX21263'),
(2174650, 'VBB66129'),
(3854478, 'QNX97266'),
(6582501, 'TFW85870'),
(6157174, 'JOL91193'),
(4909840, 'ECB88348'),
(2787917, 'KXH46074'),
(6715748, 'UWV72136'),
(4944604, 'VXG91926'),
(5081200, 'LJK66827'),
(4367318, 'MYR99153'),
(4484035, 'VXH55860'),
(3823350, 'UQH28596'),
(7990423, 'GND46809'),
(3915767, 'RXM06625'),
(5117853, 'CWT14583'),
(4185986, 'VKB54332'),
(5198466, 'JRQ76212'),
(4968966, 'XXG43803'),
(3894574, 'NKN40785'),
(1005568, 'HNA74746'),
(2652283, 'EFJ36838'),
(6753152, 'IIO41460'),
(1354935, 'JDQ04071'),
(7583519, 'AAD45282'),
(6146530, 'CFY16526'),
(6671813, 'QPV45414'),
(1150232, 'QWU46285'),
(3724055, 'AAW33653'),
(6510249, 'TMP99110'),
(7914968, 'CTY50956'),
(7951155, 'FQA95873'),
(4757545, 'JOU61024'),
(3724188, 'DWD19769'),
(2094260, 'FWW21161'),
(3891574, 'UYF54447'),
(5438202, 'UBV21180'),
(7817532, 'CPT79172'),
(5481757, 'DDS36332'),
(6611126, 'NWR60611'),
(5564306, 'NXB54381'),
(7585861, 'QQH00352'),
(5421459, 'VNC19571'),
(1978970, 'KWA84928'),
(7004644, 'LPJ88630'),
(1478421, 'DUQ63702'),
(6459669, 'EUM20316'),
(3263410, 'LMD24490'),
(6428398, 'QMR38708'),
(2363317, 'KJE65276'),
(1380601, 'NFY83052'),
(3019850, 'KCG61785'),
(2123725, 'XRY37841'),
(2264490, 'MQV37418'),
(3317134, 'YHL90075'),
(3031590, 'HON15661'),
(6659123, 'YFX24795'),
(7481288, 'MZY08650'),
(7436032, 'PUZ86442'),
(2342479, 'ZBI46932'),
(2337470, 'IHD99855'),
(2317371, 'CLL16645'),
(1270757, 'KUB77657'),
(7032751, 'XNE36908'),
(4864678, 'EYZ11526'),
(2957286, 'QOP09399'),
(1149607, 'CLF36048'),
(5572209, 'WVR36521'),
(4023485, 'EKY63800'),
(5370847, 'GPY46136'),
(1834906, 'MOG66616'),
(2980134, 'DAH13414'),
(3753036, 'SBB41945'),
(2131938, 'CIG35684'),
(4210349, 'MTJ03001'),
(7115774, 'YYZ03771'),
(1060269, 'DHP12892'),
(1354715, 'BFP74795'),
(7708311, 'TVC01853'),
(4739007, 'EWH99757'),
(5445618, 'OQR69698'),
(5538669, 'LRM57050'),
(4622482, 'QPB81035'),
(2977413, 'DZM63667'),
(6465993, 'JAP56559'),
(6810849, 'OMV13897'),
(4899931, 'XZI72115'),
(1308461, 'FTS84103'),
(5878163, 'IAW85510'),
(1181400, 'IGM66147'),
(1744586, 'RYJ51660'),
(5224361, 'PTB74399'),
(1739931, 'BKU62763'),
(5307786, 'GAR42221'),
(5569780, 'ENO19504'),
(3145374, 'JUB35517'),
(1815343, 'VSI90793'),
(2702589, 'SIT94390'),
(2435145, 'HKF96934'),
(3638976, 'XMP63833'),
(1375068, 'WIW33912'),
(7432650, 'WKC37505'),
(1430562, 'QAQ10240'),
(1521915, 'LQL23481'),
(4701651, 'IXR96325'),
(1602721, 'LLH72713'),
(3915362, 'UDM85429'),
(4695895, 'WGC66576'),
(3891603, 'CMD47841'),
(6960123, 'LCR92049'),
(7619468, 'EIP07141'),
(5414443, 'CDE92187'),
(3679481, 'ZLR89262'),
(2178896, 'WNK75051'),
(6369657, 'AAQ94772'),
(1884717, 'YFI82691'),
(7110395, 'UZX82552'),
(5845578, 'ELH95301'),
(1960266, 'HEM84285'),
(6163652, 'EMS21054'),
(5556690, 'LRV96756'),
(1893559, 'OCK96725'),
(4294530, 'SHN19708'),
(2057011, 'PDN77364'),
(4391502, 'DUL59170'),
(1839573, 'RAV40353'),
(4828870, 'JUK28845'),
(2087201, 'PIS91242'),
(5462989, 'BYT75913'),
(5000933, 'DWG38690'),
(2227453, 'ETD78728'),
(6582318, 'ZBK75098'),
(5294093, 'PKA72143'),
(4073424, 'XFL53053'),
(2872836, 'OSD60762'),
(3295593, 'UWX22611'),
(3246213, 'CRT66253'),
(7203872, 'JVW84014'),
(5594907, 'LYE32196'),
(3765501, 'TTM33294'),
(5693827, 'IJY86446'),
(3688827, 'HEF08225'),
(1366257, 'VJE09658'),
(4187854, 'PIP35461'),
(4007963, 'MDA69693'),
(7424705, 'JOM95942'),
(6274504, 'YLD32280'),
(4803864, 'TYF48508'),
(2563524, 'OST31986'),
(6065344, 'RGC69497'),
(5370134, 'FLD23330'),
(2099350, 'SWS21860'),
(3729866, 'SSI89609'),
(7265902, 'NPN37178'),
(1590000, 'SPG86227'),
(1947863, 'SMV02122'),
(1804701, 'QJU56586'),
(5345922, 'WIB33782'),
(7760549, 'QBH67457'),
(7828893, 'RDQ08040'),
(7909503, 'ICK88222'),
(6753547, 'WTN97702'),
(6203318, 'ZWD83273'),
(4247452, 'ZYR88043'),
(2300472, 'MRQ62729'),
(1814183, 'QHA98333'),
(4596929, 'NZE44424'),
(3404870, 'KIE21741'),
(3553482, 'MPH04739'),
(4652115, 'CEE71496'),
(1630820, 'SZR90687'),
(1962332, 'YJV13025'),
(6975667, 'BWO99129'),
(5253116, 'DEY31331'),
(2644629, 'NDC46423'),
(5150428, 'TYB02443'),
(4515848, 'OML45444'),
(4865443, 'DDX87442'),
(4580213, 'LCH30628'),
(7782499, 'EWU40720'),
(3422548, 'EWV64783'),
(2032877, 'QXU77733'),
(1217877, 'HOT96761'),
(2848220, 'JVG77497'),
(7573184, 'JXP08984'),
(3691008, 'RBW19322'),
(6097976, 'IZX94940'),
(3153388, 'IZG23286'),
(7514805, 'BEK51819'),
(5753569, 'LNL16150'),
(4948688, 'JYI22055'),
(1822491, 'EQK10344');

-- TipoCiudadano

INSERT INTO TipoCiudadano (nombre) VALUES
('Diputado'),
('Senador'),
('Presidente'),
('Vicepresidente'),
('PresidentePartidoPolitico'),
('VicepresidentePartidoPolitico');

-- Departamento
INSERT INTO Departamento (nombre) VALUES
('Artigas'),
('Canelones'),
('Cerro Largo');

-- Municipio

INSERT INTO Municipio (nombre, departamento_id) VALUES
-- Artigas (1)
('Baltasar Brum', 1),
('Bella Unión', 1),
('Tomás Gomensoro', 1),
-- Canelones (2)
('18 de Mayo', 2),
('Aguas Corrientes', 2),
('Atlántida', 2),
-- Cerro Largo (3)
('Isidoro Noblía', 3),
('Aceguá', 3),
('Arévalo', 3),



-- Zona

INSERT INTO Zona (nombre, municipio_id) VALUES
('Zona 1', 1),
('Zona 2', 2),
('Zona 3', 3),
('Zona 4', 1),
('Zona 5', 2),
('Zona 6', 3),
('Zona 7', 1),
('Zona 8', 2),
('Zona 9', 3),


-- Comisaria

INSERT INTO Comisaria (nombre, municipio_id)
('Comisaría 1', 1),
('Comisaría 2', 2),
('Comisaría 3', 3),
('Comisaría 4', 4),
('Comisaría 5', 5),
('Comisaría 6', 6),
('Comisaría 7', 7),
('Comisaría 8', 8),
('Comisaría 9', 9),


-- TipoEstablecimiento

INSERT INTO TipoEstablecimiento (nombre) VALUES
('Escuela'),
('Liceo'),
('Facultad'),
('Oficina Pública');

-- Establecimiento

INSERT INTO Establecimiento (nombre, direccion, tipo_establecimiento, zona_id) VALUES
('Establecimiento 1', 'Calle 1', 1, 1),
('Establecimiento 2', 'Calle 2', 2, 2),
('Establecimiento 3', 'Calle 3', 3, 3),
('Establecimiento 4', 'Calle 4', 4, 4),
('Establecimiento 5', 'Calle 5', 1, 5),
('Establecimiento 6', 'Calle 6', 2, 6),
('Establecimiento 7', 'Calle 7', 3, 7),
('Establecimiento 8', 'Calle 8', 4, 8),
('Establecimiento 9', 'Calle 9', 1, 9),


-- TipoEleccion

INSERT INTO TipoEleccion (nombre) VALUES ('Presidencial');

-- Eleccion

INSERT INTO Eleccion (fecha, tipo_eleccion_id) VALUES ('2025-05-11', 1);

-- OrganismoEstatal

INSERT INTO OrganismoEstatal (nombre) VALUES 
('OSE'),
('UTE'),
('ANTEL'),
('ANCAP'),
('BROU'),
('BPS'),
('ANEP'),

-- Ciudadano-OrganismoEstatal

INSERT INTO Ciudadano-OrganismoEstatal (ciudadano_id, organismo_estatal_id) VALUES

(1827163, 3),
(4507696, 5),
(1222283, 2),
(7986813, 1),
(1845256, 7),
(2781068, 4),
(7539090, 6),
(7060160, 2),
(7926458, 1),
(2316040, 5),
(7572602, 3),
(6537736, 7),
(1541440, 4),
(7008087, 2),
(1483639, 6),
(7023454, 1),
(6104036, 5),
(7893792, 3),
(5930847, 2),
(2041575, 4),
(2381814, 7),
(4365631, 1),
(4630459, 6),
(3790663, 2),
(7919812, 5),
(1226326, 3),
(2076747, 7),
(1238537, 4),
(4340908, 1),
(1963728, 6),
(2858604, 2),
(7111951, 5),
(6307173, 3),
(1955452, 7),
(1202898, 4),
(7212662, 1),
(4680302, 6),
(7354059, 2),
(3425965, 5),
(6489170, 3),
(7038258, 7),
(7071999, 4),
(3536723, 1),
(1074862, 6),
(1177978, 2),
(4434426, 5),
(2599961, 3),
(6206561, 7),
(6980206, 4),
(4959672, 1),
(5115904, 6),
(3486895, 2),
(3713942, 5),
(5583738, 3),
(1236181, 7),
(7835718, 4),
(4863758, 1);

-- Policia-Comisaria

INSERT INTO Policia_Comisaria VALUES
(7760549, 1),
(7828893, 2),
(7909503, 3),
(6753547, 4),
(6203318, 5),
(4247452, 6),
(2300472, 7),
(1814183, 8),
(4596929, 9),
(3404870, 1),
(3553482, 2),
(4652115, 3),
(1630820, 4),
(1962332, 5),
(6975667, 6),
(5253116, 7),
(2644629, 8),
(5150428, 9),
(4515848, 1),
(4865443, 2),
(4580213, 3),
(7782499, 4),
(3422548, 5),
(2032877, 6),
(1217877, 7),
(2848220, 8),
(7573184, 9),
(3691008, 1),
(6097976, 2),
(3153388, 3),
(7514805, 4),
(5753569, 5),
(4948688, 6),
(1822491, 7);


-- Mesa

INSERT INTO Mesa (circuito_id, establecimiento_id, accesible, vocal_id, presidente_id, secretario_id, policia_id, eleccion_id) VALUES
(1, 1, TRUE, 1827163, 4507696, 1222283, 7760549, 1),
(2, 2, FALSE, 7986813, 1845256, 2781068, 7828893, 1),
(3, 3, TRUE, 7539090, 7060160, 7926458, 7909503, 1),
(4, 4, FALSE, 2316040, 7572602, 6537736, 6753547, 1),
(5, 5, TRUE, 1541440, 7008087, 1483639, 6203318, 1),
(6, 6, FALSE, 7023454, 6104036, 7893792, 4247452, 1),
(7, 7, TRUE, 5930847, 2041575, 2381814, 2300472, 1),
(8, 8, FALSE, 4365631, 4630459, 3790663, 1814183, 1),
(9, 9, TRUE, 7919812, 1226326, 2076747, 4596929, 1),
(10, 1, FALSE, 1238537, 4340908, 1963728, 3404870, 1),
(11, 2, TRUE, 2858604, 7111951, 6307173, 3553482, 1),
(12, 3, FALSE, 1955452, 1202898, 7212662, 4652115, 1),
(13, 4, TRUE, 4680302, 7354059, 3425965, 1630820, 1),
(14, 5, FALSE, 6489170, 7038258, 7071999, 1962332, 1),
(15, 6, TRUE, 3536723, 1074862, 1177978, 6975667, 1),
(16, 7, FALSE, 4434426, 2599961, 6206561, 5253116, 1),
(17, 8, TRUE, 6980206, 4959672, 5115904, 2644629, 1),
(18, 9, FALSE, 3486895, 3713942, 5583738, 5150428, 1),

-- PartidoPolitico

CREATE TABLE PartidoPolitico (nombre) VALUES 
('Partido Nacional'),
('Partido Colorado'),
('Frente Amplio');

-- Lista

CREATE TABLE Lista (eleccion_id) VALUES
(1),
(1),
(1),
(1),
(1),
(1),
(1),
(1),
(1),
(1),
(1),
(1),
(1),
(1),
(1),
(1),
(1),
(1);

-- ListaPresidencial

INSERT INTO ListaPresidencial (lista_id, partido_politico_id, departamento_id, numero) VALUES 
(1, 1, 1, '71'),
(2, 1, 1, '102'),
(3, 2, 1, '234'),
(4, 2, 1, '456'),
(5, 3, 1, '789'),
(6, 3, 1, '1023'),
(7, 1, 2, '1456'),
(8, 1, 2, '2789'),
(9, 2, 2, '3012'),
(10, 2, 2, '4567'),
(11, 3, 2, '5890'),
(12, 3, 2, '6123'),
(13, 1, 3, '7456'),
(14, 1, 3, '8789'),
(15, 2, 3, '9012'),
(16, 2, 3, '10345'),
(17, 3, 3, '11678'),
(18, 3, 3, '12901');

-- Ciudadano-Mesa

INSERT INTO Ciudadano_Mesa (ciudadano_id, mesa_id) VALUES
(1827163, 1),
(4507696, 2),
(1222283, 3),
(7986813, 4),
(1845256, 5),
(2781068, 6),
(7539090, 7),
(7060160, 8),
(7926458, 9),
(2316040, 10),
(7572602, 11),
(6537736, 12),
(1541440, 13),
(7008087, 14),
(1483639, 15),
(7023454, 16),
(6104036, 17),
(7893792, 18),
(5930847, 1),
(2041575, 2),
(2381814, 3),
(4365631, 4),
(4630459, 5),
(3790663, 6),
(7919812, 7),
(1226326, 8),
(2076747, 9),
(1238537, 10),
(4340908, 11),
(1963728, 12),
(2858604, 13),
(7111951, 14),
(6307173, 15),
(1955452, 16),
(1202898, 17),
(7212662, 18),
(4680302, 1),
(7354059, 2),
(3425965, 3),
(6489170, 4),
(7038258, 5),
(7071999, 6),
(3536723, 7),
(1074862, 8),
(1177978, 9),
(4434426, 10),
(2599961, 11),
(6206561, 12),
(6980206, 13),
(4959672, 14),
(5115904, 15),
(3486895, 16),
(3713942, 17),
(5583738, 18),
(1236181, 1),
(7835718, 2),
(4863758, 3),
(5933222, 4),
(4946845, 5),
(5458009, 6),
(3634700, 7),
(4931651, 8),
(6948612, 9),
(1302482, 10),
(3979569, 11),
(1539574, 12),
(7806126, 13),
(6198941, 14),
(1614593, 15),
(6531855, 16),
(3813097, 17),
(4109825, 18),
(4633501, 1),
(1336534, 2),
(2438345, 3),
(6925102, 4),
(7687725, 5),
(6895288, 6),
(7662208, 7),
(2366260, 8),
(3826109, 9),
(6254129, 10),
(7415163, 11),
(6238479, 12),
(5557884, 13),
(6422862, 14),
(2536048, 15),
(1583704, 16),
(6761856, 17),
(7630750, 18),
(3492062, 1),
(5074644, 2),
(3685355, 3),
(1782721, 4),
(4283486, 5),
(3787288, 6),
(4402251, 7),
(7557630, 8),
(4077153, 9),
(2623443, 10),
(4816031, 11),
(5608845, 12),
(6468765, 13),
(3732335, 14),
(2480980, 15),
(1141667, 16),
(1724382, 17),
(1897361, 18),
(1102557, 1),
(3468626, 2),
(1379304, 3),
(3508040, 4),
(5575555, 5),
(3974807, 6),
(5221526, 7),
(7292551, 8),
(6158390, 9),
(2374330, 10),
(3597820, 11),
(5322464, 12),
(2078387, 13),
(7799135, 14),
(7267483, 15),
(2633634, 16),
(7497130, 17),
(4136279, 18),
(6188997, 1),
(6847845, 2),
(7859335, 3),
(7248920, 4),
(5931332, 5),
(7198964, 6),
(7706102, 7),
(3237782, 8),
(1757650, 9),
(6376202, 10),
(4414899, 11),
(3276293, 12),
(5387557, 13),
(7974795, 14),
(3850092, 15),
(6819236, 16),
(7405372, 17),
(2502463, 18),
(7121897, 1),
(6903877, 2),
(3550504, 3),
(1719571, 4),
(3020295, 5),
(2284967, 6),
(1577942, 7),
(1580943, 8),
(6227422, 9),
(4157863, 10),
(4926756, 11),
(7180730, 12),
(3433303, 13),
(6031480, 14),
(6498017, 15),
(5865227, 16),
(1400774, 17),
(3350454, 18),
(4410274, 1),
(6791814, 2),
(6824771, 3),
(6803023, 4),
(2875380, 5),
(4902680, 6),
(5854717, 7),
(2709286, 8),
(6803216, 9),
(1110745, 10),
(5276206, 11),
(5069287, 12),
(3764715, 13),
(7089315, 14),
(5488749, 15),
(3743199, 16),
(2596390, 17),
(4080705, 18),
(6633117, 1),
(7250054, 2),
(4182345, 3),
(4628129, 4),
(4782808, 5),
(7497761, 6),
(5416132, 7),
(6532792, 8),
(2308040, 9),
(4478956, 10),
(1611347, 11),
(6496165, 12),
(4540221, 13),
(4559692, 14),
(4383763, 15),
(4886674, 16),
(4361733, 17),
(5473931, 18),
(7678662, 1),
(6732671, 2),
(1352989, 3),
(6561231, 4),
(6799510, 5),
(1249725, 6),
(3769924, 7),
(4200059, 8),
(7695185, 9),
(4482671, 10),
(4319822, 11),
(7229524, 12),
(4036736, 13),
(6973341, 14),
(1919604, 15),
(6796439, 16),
(5299423, 17),
(7791668, 18),
(1769392, 1),
(3087894, 2),
(7679820, 3),
(5808622, 4),
(6954458, 5),
(7662995, 6),
(4338923, 7),
(2212906, 8),
(1456285, 9),
(3512906, 10),
(6575316, 11),
(7066064, 12),
(4579963, 13),
(3371447, 14),
(4850552, 15),
(7370902, 16),
(7804601, 17),
(6714248, 18),
(6394138, 1),
(4712393, 2),
(5512165, 3),
(1238724, 4),
(4355799, 5),
(5610161, 6),
(2314132, 7),
(4862352, 8),
(6408426, 9),
(7595682, 10),
(3174211, 11),
(5773651, 12),
(6876196, 13),
(3439013, 14),
(7023476, 15),
(4283086, 16),
(2185385, 17),
(3560780, 18),
(6045380, 1),
(5579504, 2),
(4152425, 3),
(1685782, 4),
(4507359, 5),
(1261163, 6),
(3459570, 7),
(1514609, 8),
(4124969, 9),
(6267069, 10),
(3174419, 11),
(4920778, 12),
(3948580, 13),
(1093002, 14),
(1526227, 15),
(5378364, 16),
(2460779, 17),
(4495012, 18),
(2319157, 1),
(5495489, 2),
(4365204, 3),
(5328433, 4),
(3024058, 5),
(7331379, 6),
(2953087, 7),
(1468384, 8),
(1245577, 9),
(3717703, 10),
(5277534, 11),
(6761555, 12),
(7936113, 13),
(6128829, 14),
(6660858, 15),
(1520730, 16),
(6865624, 17),
(3308511, 18),
(1508720, 1),
(6047867, 2),
(3092373, 3),
(5668903, 4),
(6381436, 5),
(4642464, 6),
(1117161, 7),
(3987549, 8),
(5011331, 9),
(5303399, 10),
(7092118, 11),
(4098022, 12),
(6236078, 13),
(5095488, 14),
(6602304, 15),
(5339465, 16),
(2901844, 17),
(5788556, 18),
(5361784, 1),
(6491585, 2),
(7063468, 3),
(1603174, 4),
(4659630, 5),
(5986759, 6),
(7477746, 7),
(7763123, 8),
(3487989, 9),
(4008446, 10),
(1973559, 11),
(1408666, 12),
(6562716, 13),
(1699295, 14),
(2024347, 15),
(3037634, 16),
(4153556, 17),
(2225357, 18),
(6867086, 1),
(4028731, 2),
(2132954, 3),
(4465601, 4),
(3185443, 5),
(4193038, 6),
(7249162, 7),
(6701290, 8),
(4544983, 9),
(6619409, 10),
(1861427, 11),
(6061484, 12),
(3316832, 13),
(3139954, 14),
(6023271, 15),
(5478520, 16),
(2611607, 17),
(2503081, 18),
(2919787, 1),
(5685465, 2),
(3493881, 3),
(4724871, 4),
(5461575, 5),
(2383151, 6),
(5286485, 7),
(2296845, 8),
(2911345, 9),
(3377660, 10),
(6242969, 11),
(5564347, 12),
(7610786, 13),
(4759474, 14),
(6268161, 15),
(5485763, 16),
(7148067, 17),
(7194513, 18),
(2445532, 1),
(4691668, 2),
(3808413, 3),
(1488254, 4),
(7892708, 5),
(4626134, 6),
(5081838, 7),
(7254701, 8),
(4444158, 9),
(1981719, 10),
(2658040, 11),
(4145750, 12),
(1796251, 13),
(2580900, 14),
(6777459, 15),
(2980237, 16),
(3769609, 17),
(2222204, 18),
(5926535, 1),
(4824712, 2),
(4414481, 3),
(6558087, 4),
(2777510, 5),
(5591132, 6),
(4770623, 7),
(4455446, 8),
(5270771, 9),
(7694570, 10),
(7322469, 11),
(6775875, 12),
(2079208, 13),
(3149366, 14),
(4192687, 15),
(3197415, 16),
(2188484, 17),
(2255815, 18),
(6417816, 1),
(7248913, 2),
(4622361, 3),
(3421359, 4),
(4851947, 5),
(2593568, 6),
(3535224, 7),
(1878049, 8),
(7702660, 9),
(6153637, 10),
(6610343, 11),
(7418562, 12),
(4303310, 13),
(6285457, 14),
(7650652, 15),
(1187618, 16),
(6376768, 17),
(3482889, 18),
(1768134, 1),
(3992040, 2),
(2351406, 3),
(2727134, 4),
(7947675, 5),
(7515038, 6),
(5139154, 7),
(4440297, 8),
(2383414, 9),
(5487324, 10),
(6370664, 11),
(5666899, 12),
(1732030, 13),
(7275445, 14),
(6319074, 15),
(6108148, 16),
(4748792, 17),
(4874742, 18),
(3229012, 1),
(6122122, 2),
(1743980, 3),
(5283412, 4),
(5794978, 5),
(4409752, 6),
(1758138, 7),
(3574082, 8),
(2779717, 9),
(3447822, 10),
(4303098, 11),
(4456826, 12),
(2618906, 13),
(2176741, 14),
(2142999, 15),
(5340942, 16),
(6662474, 17),
(7830857, 18),
(2244823, 1),
(1531057, 2),
(7465829, 3),
(5553518, 4),
(6450281, 5),
(2561833, 6),
(1491385, 7),
(2399372, 8),
(7419459, 9),
(2647106, 10),
(7071182, 11),
(2519247, 12),
(1063804, 13),
(2686334, 14),
(6945358, 15),
(4547432, 16),
(5457426, 17),
(2537271, 18),
(4166248, 1),
(1444994, 2),
(2690857, 3),
(6065350, 4),
(1248922, 5),
(4898595, 6),
(2261301, 7),
(7880755, 8),
(1468527, 9),
(4513303, 10),
(4068620, 11),
(1829556, 12),
(6413844, 13),
(5902211, 14),
(4543565, 15),
(6242695, 16),
(5428291, 17),
(1918653, 18),
(4260145, 1),
(1398974, 2),
(7799253, 3),
(7224437, 4),
(5949100, 5),
(4572675, 6),
(2041998, 7),
(7523518, 8),
(5650428, 9),
(1238588, 10),
(1533227, 11),
(7523586, 12),
(3229401, 13),
(4645005, 14),
(7823274, 15),
(6248444, 16),
(7137731, 17),
(7059108, 18),
(2841571, 1),
(1850671, 2),
(4988898, 3),
(3180415, 4),
(4864711, 5),
(7026401, 6),
(2998442, 7),
(1039877, 8),
(7191138, 9),
(7242650, 10),
(2760026, 11),
(5424183, 12),
(1911358, 13),
(1044597, 14),
(7638738, 15),
(1791549, 16),
(3177559, 17),
(1315851, 18),
(2694863, 1),
(6327296, 2),
(2951665, 3),
(3641007, 4),
(6999908, 5),
(4984951, 6),
(7145249, 7),
(7282890, 8),
(2855558, 9),
(1561738, 10),
(1813091, 11),
(6394715, 12),
(2654610, 13),
(3949176, 14),
(6685409, 15),
(5644771, 16),
(5918538, 17),
(4141943, 18),
(6861361, 1),
(3807413, 2),
(7998546, 3),
(4611367, 4),
(4593504, 5),
(1131438, 6),
(3243639, 7),
(6806556, 8),
(3654503, 9),
(2765325, 10),
(3667581, 11),
(1439695, 12),
(7833473, 13),
(3782633, 14),
(7603750, 15),
(7772514, 16),
(1541653, 17),
(6686568, 18),
(7158256, 1),
(7663623, 2),
(2341729, 3),
(4573210, 4),
(4747938, 5),
(1381400, 6),
(7656439, 7),
(6811723, 8),
(3704356, 9),
(2711281, 10),
(2272948, 11),
(6572580, 12),
(2208469, 13),
(7306641, 14),
(4858835, 15),
(1156836, 16),
(6565605, 17),
(6460282, 18),
(7840423, 1),
(6361301, 2),
(1085214, 3),
(7530729, 4),
(2082689, 5),
(1596909, 6),
(2248921, 7),
(2674322, 8),
(5045806, 9),
(4080707, 10),
(2229843, 11),
(5683614, 12),
(1899105, 13),
(7678760, 14),
(5331782, 15),
(1674259, 16),
(4480816, 17),
(5193981, 18),
(1170184, 1),
(3084775, 2),
(4595324, 3),
(7100166, 4),
(7284273, 5),
(2143877, 6),
(7950012, 7),
(2411107, 8),
(5015976, 9),
(5106159, 10),
(2162904, 11),
(3126971, 12),
(5102299, 13),
(1716503, 14),
(5121039, 15),
(5692409, 16),
(5034041, 17),
(6280965, 18),
(3367003, 1),
(7454225, 2),
(6656481, 3),
(5013894, 4),
(4519437, 5),
(5712782, 6),
(6463287, 7),
(5055713, 8),
(7436288, 9),
(3312956, 10),
(7020647, 11),
(6865726, 12),
(7919205, 13),
(3634536, 14),
(4914079, 15),
(2766866, 16),
(5766274, 17),
(2856043, 18),
(4042958, 1),
(1410682, 2),
(1840772, 3),
(1087944, 4),
(7013220, 5),
(6467075, 6),
(1958561, 7),
(3240767, 8),
(6545512, 9),
(3860484, 10),
(2185888, 11),
(5419122, 12),
(7521926, 13),
(5824522, 14),
(7373043, 15),
(4996396, 16),
(2018515, 17),
(2628161, 18),
(1394935, 1),
(7309914, 2),
(7196214, 3),
(5263675, 4),
(7449788, 5),
(3687728, 6),
(6567706, 7),
(4306441, 8),
(5948064, 9),
(4421298, 10),
(6988165, 11),
(7846766, 12),
(2182949, 13),
(4533932, 14),
(4151926, 15),
(7228648, 16),
(4327264, 17),
(2945311, 18),
(2921787, 1),
(5601349, 2),
(5363563, 3),
(4070973, 4),
(3604672, 5),
(1248365, 6),
(2409998, 7),
(2001160, 8),
(2407659, 9),
(6770980, 10),
(5374136, 11),
(2181213, 12),
(7904450, 13),
(3057755, 14),
(7056436, 15),
(1013099, 16),
(7783873, 17),
(7522701, 18),
(3850629, 1),
(3569772, 2),
(7960024, 3),
(1548703, 4),
(6876711, 5),
(2984311, 6),
(4571115, 7),
(4091842, 8),
(5647706, 9),
(1425086, 10),
(1536916, 11),
(1199700, 12),
(5198563, 13),
(7764659, 14),
(4591711, 15),
(2277451, 16),
(4889606, 17),
(1306137, 18),
(7477810, 1),
(3053189, 2),
(3400977, 3),
(5919323, 4),
(6911395, 5),
(2381727, 6),
(2346055, 7),
(5258904, 8),
(1987327, 9),
(3024679, 10),
(6055128, 11),
(7758179, 12),
(1788327, 13),
(4200231, 14),
(1054711, 15),
(5827998, 16),
(6763151, 17),
(4960947, 18),
(5990719, 1),
(2042716, 2),
(4551386, 3),
(6142455, 4),
(7559609, 5),
(2911582, 6),
(1662628, 7),
(7928684, 8),
(6668594, 9),
(2526129, 10),
(4405323, 11),
(4548877, 12),
(2791193, 13),
(1026319, 14),
(4868135, 15),
(1256819, 16),
(7662748, 17),
(1690473, 18),
(5670506, 1),
(2900075, 2),
(6466596, 3),
(3546716, 4),
(2785873, 5),
(6684131, 6),
(5103081, 7),
(1464552, 8),
(5932166, 9),
(6513340, 10),
(3857580, 11),
(7869500, 12),
(5157714, 13),
(4671005, 14),
(5405181, 15),
(2916695, 16),
(5638945, 17),
(5700588, 18),
(2405522, 1),
(2177688, 2),
(5721596, 3),
(6199342, 4),
(1578528, 5),
(1165573, 6),
(2683662, 7),
(5976812, 8),
(3117665, 9),
(7965032, 10),
(2259221, 11),
(3838680, 12),
(5428056, 13),
(3538732, 14),
(4904336, 15),
(7808280, 16),
(5497080, 17),
(3516345, 18),
(1238795, 1),
(4030959, 2),
(2529222, 3),
(6058043, 4),
(3930020, 5),
(4948962, 6),
(5421851, 7),
(6380290, 8),
(4425767, 9),
(1808759, 10),
(7774518, 11),
(6328147, 12),
(5697809, 13),
(7279250, 14),
(2842589, 15),
(3151225, 16),
(1158422, 17),
(7001235, 18),
(7084697, 1),
(4919006, 2),
(6242156, 3),
(4530857, 4),
(5377423, 5),
(4993365, 6),
(6205610, 7),
(3417225, 8),
(3318278, 9),
(7659617, 10),
(4194869, 11),
(5947299, 12),
(5522495, 13),
(7062051, 14),
(4614196, 15),
(3138821, 16),
(3170859, 17),
(2174650, 18),
(3854478, 1),
(6582501, 2),
(6157174, 3),
(4909840, 4),
(2787917, 5),
(6715748, 6),
(4944604, 7),
(5081200, 8),
(4367318, 9),
(4484035, 10),
(3823350, 11),
(7990423, 12),
(3915767, 13),
(5117853, 14),
(4185986, 15),
(5198466, 16),
(4968966, 17),
(3894574, 18),
(1005568, 1),
(2652283, 2),
(6753152, 3),
(1354935, 4),
(7583519, 5),
(6146530, 6),
(6671813, 7),
(1150232, 8),
(3724055, 9),
(6510249, 10),
(7914968, 11),
(7951155, 12),
(4757545, 13),
(3724188, 14),
(2094260, 15),
(3891574, 16),
(5438202, 17),
(7817532, 18),
(5481757, 1),
(6611126, 2),
(5564306, 3),
(7585861, 4),
(5421459, 5),
(1978970, 6),
(7004644, 7),
(1478421, 8),
(6459669, 9),
(3263410, 10),
(6428398, 11),
(2363317, 12),
(1380601, 13),
(3019850, 14),
(2123725, 15),
(2264490, 16),
(3317134, 17),
(3031590, 18),
(6659123, 1),
(7481288, 2),
(7436032, 3),
(2342479, 4),
(2337470, 5),
(2317371, 6),
(1270757, 7),
(7032751, 8),
(4864678, 9),
(2957286, 10),
(1149607, 11),
(5572209, 12),
(4023485, 13),
(5370847, 14),
(1834906, 15),
(2980134, 16),
(3753036, 17),
(2131938, 18),
(4210349, 1),
(7115774, 2),
(1060269, 3),
(1354715, 4),
(7708311, 5),
(4739007, 6),
(5445618, 7),
(5538669, 8),
(4622482, 9),
(2977413, 10),
(6465993, 11),
(6810849, 12),
(4899931, 13),
(1308461, 14),
(5878163, 15),
(1181400, 16),
(1744586, 17),
(5224361, 18),
(1739931, 1),
(5307786, 2),
(5569780, 3),
(3145374, 4),
(1815343, 5),
(2702589, 6),
(2435145, 7),
(3638976, 8),
(1375068, 9),
(7432650, 10),
(1430562, 11),
(1521915, 12),
(4701651, 13),
(1602721, 14),
(3915362, 15),
(4695895, 16),
(3891603, 17),
(6960123, 18),
(7619468, 1),
(5414443, 2),
(3679481, 3),
(2178896, 4),
(6369657, 5),
(1884717, 6),
(7110395, 7),
(5845578, 8),
(1960266, 9),
(6163652, 10),
(5556690, 11),
(1893559, 12),
(4294530, 13),
(2057011, 14),
(4391502, 15),
(1839573, 16),
(4828870, 17),
(2087201, 18),
(5462989, 1),
(5000933, 2),
(2227453, 3),
(6582318, 4),
(5294093, 5),
(4073424, 6),
(2872836, 7),
(3295593, 8),
(3246213, 9),
(7203872, 10),
(5594907, 11),
(3765501, 12),
(5693827, 13),
(3688827, 14),
(1366257, 15),
(4187854, 16),
(4007963, 17),
(7424705, 18),
(6274504, 1),
(4803864, 2),
(2563524, 3),
(6065344, 4),
(5370134, 5),
(2099350, 6),
(3729866, 7),
(7265902, 8),
(1590000, 9),
(1947863, 10),
(1804701, 11),
(5345922, 12),
(7760549, 13),
(7828893, 14),
(7909503, 15),
(6753547, 16),
(6203318, 17),
(4247452, 18),
(2300472, 1),
(1814183, 2),
(4596929, 3),
(3404870, 4),
(3553482, 5),
(4652115, 6),
(1630820, 7),
(1962332, 8),
(6975667, 9),
(5253116, 10),
(2644629, 11),
(5150428, 12),
(4515848, 13),
(4865443, 14),
(4580213, 15),
(7782499, 16),
(3422548, 17),
(2032877, 18),
(1217877, 1),
(2848220, 2),
(7573184, 3),
(3691008, 4),
(6097976, 5),
(3153388, 6),
(7514805, 7),
(5753569, 8),
(4948688, 9),
(1822491, 10);


INSERT INTO Ciudadano_ListaPresidencial (lista_presidencial_id, ciudadano_id, tipo_ciudadano_id, numero) VALUES 
-- Lista 1
(1, 1827163, 1, 1),
(1, 4507696, 1, 2),
(1, 1222283, 1, 3),
(1, 7986813, 1, 4),
(1, 1845256, 1, 5),
(1, 2781068, 2, 1),
(1, 7539090, 2, 2),
(1, 7060160, 2, 3),
(1, 7926458, 3, 1),
(1, 2316040, 4, 1),

-- Lista 2
(2, 7572602, 1, 1),
(2, 6537736, 1, 2),
(2, 1541440, 1, 3),
(2, 7008087, 1, 4),
(2, 1483639, 1, 5),
(2, 7023454, 2, 1),
(2, 6104036, 2, 2),
(2, 7893792, 2, 3),
(2, 5930847, 3, 1),
(2, 2041575, 4, 1),

-- Lista 3
(3, 2381814, 1, 1),
(3, 4365631, 1, 2),
(3, 4630459, 1, 3),
(3, 3790663, 1, 4),
(3, 7919812, 1, 5),
(3, 1226326, 2, 1),
(3, 2076747, 2, 2),
(3, 1238537, 2, 3),
(3, 4340908, 3, 1),
(3, 1963728, 4, 1),

-- Lista 4
(4, 2858604, 1, 1),
(4, 7111951, 1, 2),
(4, 6307173, 1, 3),
(4, 1955452, 1, 4),
(4, 1202898, 1, 5),
(4, 7212662, 2, 1),
(4, 4680302, 2, 2),
(4, 7354059, 2, 3),
(4, 3425965, 3, 1),
(4, 6489170, 4, 1),

-- Lista 5
(5, 7038258, 1, 1),
(5, 7071999, 1, 2),
(5, 3536723, 1, 3),
(5, 1074862, 1, 4),
(5, 1177978, 1, 5),
(5, 4434426, 2, 1),
(5, 2599961, 2, 2),
(5, 6206561, 2, 3),
(5, 6980206, 3, 1),
(5, 4959672, 4, 1),

-- Lista 6
(6, 5115904, 1, 1),
(6, 3486895, 1, 2),
(6, 3713942, 1, 3),
(6, 5583738, 1, 4),
(6, 1236181, 1, 5),
(6, 7835718, 2, 1),
(6, 4863758, 2, 2),
(6, 5933222, 2, 3),
(6, 4946845, 3, 1),
(6, 5458009, 4, 1),

-- Lista 7
(7, 3634700, 1, 1),
(7, 4931651, 1, 2),
(7, 6948612, 1, 3),
(7, 1302482, 1, 4),
(7, 3979569, 1, 5),
(7, 1539574, 2, 1),
(7, 7806126, 2, 2),
(7, 6198941, 2, 3),
(7, 1614593, 3, 1),
(7, 6531855, 4, 1),

-- Lista 8
(8, 3813097, 1, 1),
(8, 4109825, 1, 2),
(8, 4633501, 1, 3),
(8, 1336534, 1, 4),
(8, 2438345, 1, 5),
(8, 6925102, 2, 1),
(8, 7687725, 2, 2),
(8, 6895288, 2, 3),
(8, 7662208, 3, 1),
(8, 2366260, 4, 1),

-- Lista 9
(9, 3826109, 1, 1),
(9, 6254129, 1, 2),
(9, 7415163, 1, 3),
(9, 6238479, 1, 4),
(9, 5557884, 1, 5),
(9, 6422862, 2, 1),
(9, 2536048, 2, 2),
(9, 1583704, 2, 3),
(9, 6761856, 3, 1),
(9, 7630750, 4, 1),

-- Lista 10
(10, 3492062, 1, 1),
(10, 5074644, 1, 2),
(10, 3685355, 1, 3),
(10, 1782721, 1, 4),
(10, 4283486, 1, 5),
(10, 3787288, 2, 1),
(10, 4402251, 2, 2),
(10, 7557630, 2, 3),
(10, 4077153, 3, 1),
(10, 2623443, 4, 1),

-- Lista 11
(11, 4816031, 1, 1),
(11, 5608845, 1, 2),
(11, 6468765, 1, 3),
(11, 3732335, 1, 4),
(11, 2480980, 1, 5),
(11, 1141667, 2, 1),
(11, 1724382, 2, 2),
(11, 1897361, 2, 3),
(11, 1102557, 3, 1),
(11, 3468626, 4, 1),

-- Lista 12
(12, 1379304, 1, 1),
(12, 3508040, 1, 2),
(12, 5575555, 1, 3),
(12, 3974807, 1, 4),
(12, 5221526, 1, 5),
(12, 7292551, 2, 1),
(12, 6158390, 2, 2),
(12, 2374330, 2, 3),
(12, 3597820, 3, 1),
(12, 5322464, 4, 1),

-- Lista 13
(13, 2078387, 1, 1),
(13, 7799135, 1, 2),
(13, 7267483, 1, 3),
(13, 2633634, 1, 4),
(13, 7497130, 1, 5),
(13, 4136279, 2, 1),
(13, 6188997, 2, 2),
(13, 6847845, 2, 3),
(13, 7859335, 3, 1),
(13, 7248920, 4, 1),

-- Lista 14
(14, 5931332, 1, 1),
(14, 7198964, 1, 2),
(14, 7706102, 1, 3),
(14, 3237782, 1, 4),
(14, 1757650, 1, 5),
(14, 6376202, 2, 1),
(14, 4414899, 2, 2),
(14, 3276293, 2, 3),
(14, 5387557, 3, 1),
(14, 7974795, 4, 1),

-- Lista 15
(15, 3850092, 1, 1),
(15, 6819236, 1, 2),
(15, 7405372, 1, 3),
(15, 2502463, 1, 4),
(15, 7121897, 1, 5),
(15, 6903877, 2, 1),
(15, 3550504, 2, 2),
(15, 1719571, 2, 3),
(15, 3020295, 3, 1),
(15, 2284967, 4, 1),

-- Lista 16
(16, 1577942, 1, 1),
(16, 1580943, 1, 2),
(16, 6227422, 1, 3),
(16, 4157863, 1, 4),
(16, 4926756, 1, 5),
(16, 7180730, 2, 1),
(16, 3433303, 2, 2),
(16, 6031480, 2, 3),
(16, 6498017, 3, 1),
(16, 5865227, 4, 1),

-- Lista 17
(17, 1400774, 1, 1),
(17, 3350454, 1, 2),
(17, 4410274, 1, 3),
(17, 6791814, 1, 4),
(17, 6824771, 1, 5),
(17, 6803023, 2, 1),
(17, 2875380, 2, 2),
(17, 4902680, 2, 3),
(17, 5854717, 3, 1),
(17, 2709286, 4, 1),

-- Lista 18
(18, 6803216, 1, 1),
(18, 1110745, 1, 2),
(18, 5276206, 1, 3),
(18, 5069287, 1, 4),
(18, 3764715, 1, 5),
(18, 7089315, 2, 1),
(18, 5488749, 2, 2),
(18, 3743199, 2, 3),
(18, 2596390, 3, 1),
(18, 4080705, 4, 1);

INSERT INTO Autoridad_PartidoPolitico (ciudadano_id, partido_politico_id, fecha_inicio, fecha_fin, tipo_ciudadano_id) VALUES 
-- Partido Político 1
(1827163, 1, '2018-03-15', '2027-03-15', 5),
(4507696, 1, '2019-07-22', '2028-07-22', 6),

-- Partido Político 2
(1222283, 2, '2016-11-10', '2026-11-10', 5),
(7986813, 2, '2020-01-08', '2029-01-08', 6),

-- Partido Político 3
(1845256, 3, '2017-05-30', '2027-05-30', 5),
(2781068, 3, '2021-09-14', '2030-09-14', 6);